INSERT INTO roles(id, name) VALUES(1, 'ROLE_USER');
INSERT INTO roles(id, name) VALUES(2, 'ROLE_ADMIN');

INSERT INTO users(id, username, email, password, enabled, registrationDate)
    VALUES(1, 'Haydar', 'haydar.a.ismail@gmail.com', '$2a$10$2y.frD.wRY97IfUNi4NxouOLsAO6ZSNozKcI0uyscc7KwG9x2pIIu', 1, '2017-10-28 00:00:01');
INSERT INTO users(id, username, email, password, enabled, registrationDate, bigAvatarLink, smallAvatarLink, websiteLink, aboutText)
    VALUES(2, 'Alice', 'alice@gmail.com', '$2a$10$TB9YW0AYPqF1PSfMKrANAuvxLFZSYc2b7uJv0c3wZ8BM45zs1MBLO', 1, '2015-04-01 00:00:01',
      'http://i.imgur.com/GK1lTX8.jpg', 'http://i.imgur.com/GK1lTX8.jpg', 'http://google.com', 'I am Alice and I **LOVE** cats!

And programming.

Actually, I started learning programming when my cat showed me this [amazing JavaScript tutorial][1]. After that I have learned a lot more languages, including the [cat language][2].


  [1]: http://jsforcats.com/
  [2]: https://code.google.com/p/cat-language/');
INSERT INTO users(id, username, email, password, enabled, registrationDate, bigAvatarLink, smallAvatarLink, websiteLink, aboutText)
    VALUES(3, 'Bob', 'bob@gmail.com', '$2a$10$TB9YW0AYPqF1PSfMKrANAuvxLFZSYc2b7uJv0c3wZ8BM45zs1MBLO', 1, '2015-04-03 00:00:01',
      'http://i.imgur.com/ZGUoKG0.jpg', 'http://i.imgur.com/ZGUoKG0.jpg', 'http://ya.ru', 'I am a C++ programmer.

And that''s it about me. I don''t have time for anything else since I always staying late at work to catch all bugs while my Java-coworkers having fun with their friends and families.');

INSERT INTO users(id, username, email, password, enabled, registrationDate)
    VALUES(4, 'User1', 'user1@gmail.com', '$2a$10$TB9YW0AYPqF1PSfMKrANAuvxLFZSYc2b7uJv0c3wZ8BM45zs1MBLO', 1, '2015-01-02 00:00:01');
INSERT INTO users(id, username, email, password, enabled, registrationDate)
    VALUES(5, 'User2', 'user2@gmail.com', '$2a$10$TB9YW0AYPqF1PSfMKrANAuvxLFZSYc2b7uJv0c3wZ8BM45zs1MBLO', 1, '2015-01-03 00:00:01');
INSERT INTO users(id, username, email, password, enabled, registrationDate)
    VALUES(6, 'User3', 'user3@gmail.com', '$2a$10$TB9YW0AYPqF1PSfMKrANAuvxLFZSYc2b7uJv0c3wZ8BM45zs1MBLO', 1, '2015-01-04 00:00:01');
INSERT INTO users(id, username, email, password, enabled, registrationDate)
    VALUES(7, 'User4', 'user4@gmail.com', '$2a$10$TB9YW0AYPqF1PSfMKrANAuvxLFZSYc2b7uJv0c3wZ8BM45zs1MBLO', 1, '2015-01-05 00:00:01');
INSERT INTO users(id, username, email, password, enabled, registrationDate)
    VALUES(8, 'User5', 'user5@gmail.com', '$2a$10$TB9YW0AYPqF1PSfMKrANAuvxLFZSYc2b7uJv0c3wZ8BM45zs1MBLO', 1, '2015-01-06 00:00:01');

INSERT INTO users_roles(user_id, role_id) VALUES(1, 1);
INSERT INTO users_roles(user_id, role_id) VALUES(1, 2);

INSERT INTO users_roles(user_id, role_id) VALUES(2, 1);

INSERT INTO users_roles(user_id, role_id) VALUES(3, 1);

INSERT INTO users_roles(user_id, role_id) VALUES(4, 1);

INSERT INTO users_roles(user_id, role_id) VALUES(5, 1);

INSERT INTO users_roles(user_id, role_id) VALUES(6, 1);

INSERT INTO users_roles(user_id, role_id) VALUES(7, 1);

INSERT INTO users_roles(user_id, role_id) VALUES(8, 1);

INSERT INTO tags(Id, name) VALUES(1, 'c++');
INSERT INTO tags(Id, name) VALUES(2, 'java');
INSERT INTO tags(Id, name) VALUES(3, 'php');
INSERT INTO tags(Id, name) VALUES(4, 'programming');
INSERT INTO tags(Id, name) VALUES(5, 'hello world');
INSERT INTO tags(Id, name) VALUES(6, 'meow');
INSERT INTO tags(Id, name) VALUES(7, 'databases');



INSERT INTO posts(Id, dateTime, hidden, title, shortTextPart, fullPostText) VALUES(1, '2015-03-10 06:23:31', 0, 'Hello post 1', '**Hello 1**

Lorem **ipsum** *dolor* sit amet, consectetur adipiscing elit. Nullam vehicula ipsum eget lorem bibendum, a dignissim dui vestibulum. Duis aliquet dignissim ultricies. Vestibulum id diam at eros lacinia dapibus. Donec posuere felis ac leo tempor varius. Nullam interdum nibh sit amet lacinia laoreet. Quisque maximus [google][1] eros non diam molestie vulputate. Phasellus commodo convallis nisi at dapibus. Aliquam erat volutpat. Donec eleifend felis magna, eget laoreet quam feugiat vel. Quisque et nunc pulvinar eros facilisis vulputate vel vitae ipsum. Maecenas viverra quam at nisl malesuada, vitae facilisis quam luctus. Sed lorem felis, pellentesque sit amet vulputate quis, rhoncus nec purus. Maecenas a tellus elit.

  [1]: http://google.com',
'**Hello 1**

Lorem **ipsum** *dolor* sit amet, consectetur adipiscing elit. Nullam vehicula ipsum eget lorem bibendum, a dignissim dui vestibulum. Duis aliquet dignissim ultricies. Vestibulum id diam at eros lacinia dapibus. Donec posuere felis ac leo tempor varius. Nullam interdum nibh sit amet lacinia laoreet. Quisque maximus [google][1] eros non diam molestie vulputate. Phasellus commodo convallis nisi at dapibus. Aliquam erat volutpat. Donec eleifend felis magna, eget laoreet quam feugiat vel. Quisque et nunc pulvinar eros facilisis vulputate vel vitae ipsum. Maecenas viverra quam at nisl malesuada, vitae facilisis quam luctus. Sed lorem felis, pellentesque sit amet vulputate quis, rhoncus nec purus. Maecenas a tellus elit.
===cut===
    print(''hello'');
    print(''world'');
    return 0;

Nam molestie commodo quam eu cursus. In aliquam justo ut dui fermentum gravida. Etiam dignissim quam ante, ut lacinia nisl facilisis eu. Curabitur scelerisque tellus nec odio viverra fringilla. Vivamus justo quam, sagittis eu lacus in, ultrices aliquet quam. Aliquam efficitur mattis lacus, et imperdiet ex pellentesque ut. Mauris ac eros auctor, fringilla leo at, mollis turpis. Nulla eget arcu at augue placerat cursus. Donec quis varius turpis, non ultricies sem.

> Sed in luctus ligula. Pellentesque dapibus feugiat tempus.
> Pellentesque mollis cursus nulla ac aliquam. In tristique laoreet
> arcu, non vehicula ipsum imperdiet id. Nunc ut sollicitudin risus.
> Vivamus feugiat sodales lacus id varius. Curabitur lobortis libero a
> justo feugiat, quis rutrum tellus gravida. Integer dictum risus sed
> sem tincidunt, vel blandit sapien porta. Vestibulum at sapien ut neque
> blandit dapibus sed vel dolor. Vivamus rutrum, velit et faucibus
> sollicitudin, elit turpis porta nunc, a dictum lectus est at ipsum.

Lorem ipsum dolor sit amet, consectetur adipiscing elit. Nullam vehicula ipsum eget lorem bibendum, a dignissim dui vestibulum. Duis aliquet dignissim ultricies. Vestibulum id diam at eros lacinia dapibus. Donec posuere felis ac leo tempor varius. Nullam interdum nibh sit amet lacinia laoreet. Quisque maximus eros non diam molestie vulputate. Phasellus commodo convallis nisi at dapibus. Aliquam erat volutpat. Donec eleifend felis magna, eget laoreet quam feugiat vel. Quisque et nunc pulvinar eros facilisis vulputate vel vitae ipsum. Maecenas viverra quam at nisl malesuada, vitae facilisis quam luctus. Sed lorem felis, pellentesque sit amet vulputate quis, rhoncus nec purus. Maecenas a tellus elit.

Nam molestie commodo quam eu cursus. In aliquam justo ut dui fermentum gravida. Etiam dignissim quam ante, ut lacinia nisl facilisis eu. Curabitur scelerisque tellus nec odio viverra fringilla. Vivamus justo quam, sagittis eu lacus in, ultrices aliquet quam. Aliquam efficitur mattis lacus, et imperdiet ex pellentesque ut. Mauris ac eros auctor, fringilla leo at, mollis turpis. Nulla eget arcu at augue placerat cursus. Donec quis varius turpis, non ultricies sem.

Nullam maximus euismod quam, quis malesuada mauris sollicitudin volutpat. Praesent maximus luctus justo ullamcorper euismod. Donec congue nulla vitae diam porta aliquam. Aenean vulputate fringilla lacus eu suscipit. Donec sed volutpat velit, et congue est. Nam pulvinar faucibus sem, a suscipit erat. Morbi efficitur malesuada lorem, quis convallis ex sodales eget.


  [1]: http://google.com');

INSERT INTO posts_tags(post_id, tag_id) VALUES (1, 1);
INSERT INTO posts_tags(post_id, tag_id) VALUES (1, 2);
INSERT INTO posts_tags(post_id, tag_id) VALUES (1, 3);
INSERT INTO posts_tags(post_id, tag_id) VALUES (1, 4);
INSERT INTO posts_tags(post_id, tag_id) VALUES (1, 5);


INSERT INTO posts(Id, dateTime, hidden, title, shortTextPart, fullPostText) VALUES(2, '2015-03-10 13:47:31', 0, 'Meow', '', 'MEOW!

![cat][1]


  [1]: http://i.imgur.com/yrvkoZJ.jpg');

INSERT INTO posts_tags(post_id, tag_id) VALUES (2, 6);

INSERT INTO posts(Id, dateTime, hidden, title, shortTextPart, fullPostText) VALUES(3, '2015-03-10 15:08:31', 0, 'Meow', '', 'meow.

![enter image description here][1]


  [1]: http://i.imgur.com/WHqLxs1.jpg');

INSERT INTO posts_tags(post_id, tag_id) VALUES (3, 6);
INSERT INTO posts(Id, dateTime, hidden, title, shortTextPart, fullPostText) VALUES(4, '2015-03-11 04:33:31', 0, 'Hello post 4', '**Hello 4**

Lorem **ipsum** *dolor* sit amet, consectetur adipiscing elit. Nullam vehicula ipsum eget lorem bibendum, a dignissim dui vestibulum. Duis aliquet dignissim ultricies. Vestibulum id diam at eros lacinia dapibus. Donec posuere felis ac leo tempor varius. Nullam interdum nibh sit amet lacinia laoreet. Quisque maximus [google][1] eros non diam molestie vulputate. Phasellus commodo convallis nisi at dapibus. Aliquam erat volutpat. Donec eleifend felis magna, eget laoreet quam feugiat vel. Quisque et nunc pulvinar eros facilisis vulputate vel vitae ipsum. Maecenas viverra quam at nisl malesuada, vitae facilisis quam luctus. Sed lorem felis, pellentesque sit amet vulputate quis, rhoncus nec purus. Maecenas a tellus elit.

  [1]: http://google.com',
'**Hello 4**

Lorem **ipsum** *dolor* sit amet, consectetur adipiscing elit. Nullam vehicula ipsum eget lorem bibendum, a dignissim dui vestibulum. Duis aliquet dignissim ultricies. Vestibulum id diam at eros lacinia dapibus. Donec posuere felis ac leo tempor varius. Nullam interdum nibh sit amet lacinia laoreet. Quisque maximus [google][1] eros non diam molestie vulputate. Phasellus commodo convallis nisi at dapibus. Aliquam erat volutpat. Donec eleifend felis magna, eget laoreet quam feugiat vel. Quisque et nunc pulvinar eros facilisis vulputate vel vitae ipsum. Maecenas viverra quam at nisl malesuada, vitae facilisis quam luctus. Sed lorem felis, pellentesque sit amet vulputate quis, rhoncus nec purus. Maecenas a tellus elit.
===cut===
    print(''hello'');
    print(''world'');
    return 0;

Nam molestie commodo quam eu cursus. In aliquam justo ut dui fermentum gravida. Etiam dignissim quam ante, ut lacinia nisl facilisis eu. Curabitur scelerisque tellus nec odio viverra fringilla. Vivamus justo quam, sagittis eu lacus in, ultrices aliquet quam. Aliquam efficitur mattis lacus, et imperdiet ex pellentesque ut. Mauris ac eros auctor, fringilla leo at, mollis turpis. Nulla eget arcu at augue placerat cursus. Donec quis varius turpis, non ultricies sem.

> Sed in luctus ligula. Pellentesque dapibus feugiat tempus.
> Pellentesque mollis cursus nulla ac aliquam. In tristique laoreet
> arcu, non vehicula ipsum imperdiet id. Nunc ut sollicitudin risus.
> Vivamus feugiat sodales lacus id varius. Curabitur lobortis libero a
> justo feugiat, quis rutrum tellus gravida. Integer dictum risus sed
> sem tincidunt, vel blandit sapien porta. Vestibulum at sapien ut neque
> blandit dapibus sed vel dolor. Vivamus rutrum, velit et faucibus
> sollicitudin, elit turpis porta nunc, a dictum lectus est at ipsum.

Lorem ipsum dolor sit amet, consectetur adipiscing elit. Nullam vehicula ipsum eget lorem bibendum, a dignissim dui vestibulum. Duis aliquet dignissim ultricies. Vestibulum id diam at eros lacinia dapibus. Donec posuere felis ac leo tempor varius. Nullam interdum nibh sit amet lacinia laoreet. Quisque maximus eros non diam molestie vulputate. Phasellus commodo convallis nisi at dapibus. Aliquam erat volutpat. Donec eleifend felis magna, eget laoreet quam feugiat vel. Quisque et nunc pulvinar eros facilisis vulputate vel vitae ipsum. Maecenas viverra quam at nisl malesuada, vitae facilisis quam luctus. Sed lorem felis, pellentesque sit amet vulputate quis, rhoncus nec purus. Maecenas a tellus elit.

Nam molestie commodo quam eu cursus. In aliquam justo ut dui fermentum gravida. Etiam dignissim quam ante, ut lacinia nisl facilisis eu. Curabitur scelerisque tellus nec odio viverra fringilla. Vivamus justo quam, sagittis eu lacus in, ultrices aliquet quam. Aliquam efficitur mattis lacus, et imperdiet ex pellentesque ut. Mauris ac eros auctor, fringilla leo at, mollis turpis. Nulla eget arcu at augue placerat cursus. Donec quis varius turpis, non ultricies sem.

Nullam maximus euismod quam, quis malesuada mauris sollicitudin volutpat. Praesent maximus luctus justo ullamcorper euismod. Donec congue nulla vitae diam porta aliquam. Aenean vulputate fringilla lacus eu suscipit. Donec sed volutpat velit, et congue est. Nam pulvinar faucibus sem, a suscipit erat. Morbi efficitur malesuada lorem, quis convallis ex sodales eget.


  [1]: http://google.com');

INSERT INTO posts_tags(post_id, tag_id) VALUES (4, 1);
INSERT INTO posts_tags(post_id, tag_id) VALUES (4, 2);
INSERT INTO posts_tags(post_id, tag_id) VALUES (4, 3);
INSERT INTO posts_tags(post_id, tag_id) VALUES (4, 4);
INSERT INTO posts_tags(post_id, tag_id) VALUES (4, 5);


INSERT INTO posts(Id, dateTime, hidden, title, shortTextPart, fullPostText) VALUES(5, '2015-03-11 12:16:31', 0, 'Meow', '', 'MEOW!

![cat][1]


  [1]: http://i.imgur.com/yrvkoZJ.jpg');

INSERT INTO posts_tags(post_id, tag_id) VALUES (5, 6);

INSERT INTO posts(Id, dateTime, hidden, title, shortTextPart, fullPostText) VALUES(6, '2015-03-11 16:31:31', 0, 'Meow', '', 'meow.

![enter image description here][1]


  [1]: http://i.imgur.com/WHqLxs1.jpg');

INSERT INTO posts_tags(post_id, tag_id) VALUES (6, 6);
INSERT INTO posts(Id, dateTime, hidden, title, shortTextPart, fullPostText) VALUES(7, '2015-03-12 02:56:31', 0, 'Hello post 7', '**Hello 7**

Lorem **ipsum** *dolor* sit amet, consectetur adipiscing elit. Nullam vehicula ipsum eget lorem bibendum, a dignissim dui vestibulum. Duis aliquet dignissim ultricies. Vestibulum id diam at eros lacinia dapibus. Donec posuere felis ac leo tempor varius. Nullam interdum nibh sit amet lacinia laoreet. Quisque maximus [google][1] eros non diam molestie vulputate. Phasellus commodo convallis nisi at dapibus. Aliquam erat volutpat. Donec eleifend felis magna, eget laoreet quam feugiat vel. Quisque et nunc pulvinar eros facilisis vulputate vel vitae ipsum. Maecenas viverra quam at nisl malesuada, vitae facilisis quam luctus. Sed lorem felis, pellentesque sit amet vulputate quis, rhoncus nec purus. Maecenas a tellus elit.

  [1]: http://google.com',
'**Hello 7**

Lorem **ipsum** *dolor* sit amet, consectetur adipiscing elit. Nullam vehicula ipsum eget lorem bibendum, a dignissim dui vestibulum. Duis aliquet dignissim ultricies. Vestibulum id diam at eros lacinia dapibus. Donec posuere felis ac leo tempor varius. Nullam interdum nibh sit amet lacinia laoreet. Quisque maximus [google][1] eros non diam molestie vulputate. Phasellus commodo convallis nisi at dapibus. Aliquam erat volutpat. Donec eleifend felis magna, eget laoreet quam feugiat vel. Quisque et nunc pulvinar eros facilisis vulputate vel vitae ipsum. Maecenas viverra quam at nisl malesuada, vitae facilisis quam luctus. Sed lorem felis, pellentesque sit amet vulputate quis, rhoncus nec purus. Maecenas a tellus elit.
===cut===
    print(''hello'');
    print(''world'');
    return 0;

Nam molestie commodo quam eu cursus. In aliquam justo ut dui fermentum gravida. Etiam dignissim quam ante, ut lacinia nisl facilisis eu. Curabitur scelerisque tellus nec odio viverra fringilla. Vivamus justo quam, sagittis eu lacus in, ultrices aliquet quam. Aliquam efficitur mattis lacus, et imperdiet ex pellentesque ut. Mauris ac eros auctor, fringilla leo at, mollis turpis. Nulla eget arcu at augue placerat cursus. Donec quis varius turpis, non ultricies sem.

> Sed in luctus ligula. Pellentesque dapibus feugiat tempus.
> Pellentesque mollis cursus nulla ac aliquam. In tristique laoreet
> arcu, non vehicula ipsum imperdiet id. Nunc ut sollicitudin risus.
> Vivamus feugiat sodales lacus id varius. Curabitur lobortis libero a
> justo feugiat, quis rutrum tellus gravida. Integer dictum risus sed
> sem tincidunt, vel blandit sapien porta. Vestibulum at sapien ut neque
> blandit dapibus sed vel dolor. Vivamus rutrum, velit et faucibus
> sollicitudin, elit turpis porta nunc, a dictum lectus est at ipsum.

Lorem ipsum dolor sit amet, consectetur adipiscing elit. Nullam vehicula ipsum eget lorem bibendum, a dignissim dui vestibulum. Duis aliquet dignissim ultricies. Vestibulum id diam at eros lacinia dapibus. Donec posuere felis ac leo tempor varius. Nullam interdum nibh sit amet lacinia laoreet. Quisque maximus eros non diam molestie vulputate. Phasellus commodo convallis nisi at dapibus. Aliquam erat volutpat. Donec eleifend felis magna, eget laoreet quam feugiat vel. Quisque et nunc pulvinar eros facilisis vulputate vel vitae ipsum. Maecenas viverra quam at nisl malesuada, vitae facilisis quam luctus. Sed lorem felis, pellentesque sit amet vulputate quis, rhoncus nec purus. Maecenas a tellus elit.

Nam molestie commodo quam eu cursus. In aliquam justo ut dui fermentum gravida. Etiam dignissim quam ante, ut lacinia nisl facilisis eu. Curabitur scelerisque tellus nec odio viverra fringilla. Vivamus justo quam, sagittis eu lacus in, ultrices aliquet quam. Aliquam efficitur mattis lacus, et imperdiet ex pellentesque ut. Mauris ac eros auctor, fringilla leo at, mollis turpis. Nulla eget arcu at augue placerat cursus. Donec quis varius turpis, non ultricies sem.

Nullam maximus euismod quam, quis malesuada mauris sollicitudin volutpat. Praesent maximus luctus justo ullamcorper euismod. Donec congue nulla vitae diam porta aliquam. Aenean vulputate fringilla lacus eu suscipit. Donec sed volutpat velit, et congue est. Nam pulvinar faucibus sem, a suscipit erat. Morbi efficitur malesuada lorem, quis convallis ex sodales eget.


  [1]: http://google.com');

INSERT INTO posts_tags(post_id, tag_id) VALUES (7, 1);
INSERT INTO posts_tags(post_id, tag_id) VALUES (7, 2);
INSERT INTO posts_tags(post_id, tag_id) VALUES (7, 3);
INSERT INTO posts_tags(post_id, tag_id) VALUES (7, 4);
INSERT INTO posts_tags(post_id, tag_id) VALUES (7, 5);


INSERT INTO posts(Id, dateTime, hidden, title, shortTextPart, fullPostText) VALUES(8, '2015-03-12 07:27:31', 0, 'Meow', '', 'MEOW!

![cat][1]


  [1]: http://i.imgur.com/yrvkoZJ.jpg');

INSERT INTO posts_tags(post_id, tag_id) VALUES (8, 6);

INSERT INTO posts(Id, dateTime, hidden, title, shortTextPart, fullPostText) VALUES(9, '2015-03-12 21:55:31', 0, 'Meow', '', 'meow.

![enter image description here][1]


  [1]: http://i.imgur.com/WHqLxs1.jpg');

INSERT INTO posts_tags(post_id, tag_id) VALUES (9, 6);
INSERT INTO posts(Id, dateTime, hidden, title, shortTextPart, fullPostText) VALUES(10, '2015-03-13 00:44:31', 0, 'Hello post 10', '**Hello 10**

Lorem **ipsum** *dolor* sit amet, consectetur adipiscing elit. Nullam vehicula ipsum eget lorem bibendum, a dignissim dui vestibulum. Duis aliquet dignissim ultricies. Vestibulum id diam at eros lacinia dapibus. Donec posuere felis ac leo tempor varius. Nullam interdum nibh sit amet lacinia laoreet. Quisque maximus [google][1] eros non diam molestie vulputate. Phasellus commodo convallis nisi at dapibus. Aliquam erat volutpat. Donec eleifend felis magna, eget laoreet quam feugiat vel. Quisque et nunc pulvinar eros facilisis vulputate vel vitae ipsum. Maecenas viverra quam at nisl malesuada, vitae facilisis quam luctus. Sed lorem felis, pellentesque sit amet vulputate quis, rhoncus nec purus. Maecenas a tellus elit.

  [1]: http://google.com',
'**Hello 10**

Lorem **ipsum** *dolor* sit amet, consectetur adipiscing elit. Nullam vehicula ipsum eget lorem bibendum, a dignissim dui vestibulum. Duis aliquet dignissim ultricies. Vestibulum id diam at eros lacinia dapibus. Donec posuere felis ac leo tempor varius. Nullam interdum nibh sit amet lacinia laoreet. Quisque maximus [google][1] eros non diam molestie vulputate. Phasellus commodo convallis nisi at dapibus. Aliquam erat volutpat. Donec eleifend felis magna, eget laoreet quam feugiat vel. Quisque et nunc pulvinar eros facilisis vulputate vel vitae ipsum. Maecenas viverra quam at nisl malesuada, vitae facilisis quam luctus. Sed lorem felis, pellentesque sit amet vulputate quis, rhoncus nec purus. Maecenas a tellus elit.
===cut===
    print(''hello'');
    print(''world'');
    return 0;

Nam molestie commodo quam eu cursus. In aliquam justo ut dui fermentum gravida. Etiam dignissim quam ante, ut lacinia nisl facilisis eu. Curabitur scelerisque tellus nec odio viverra fringilla. Vivamus justo quam, sagittis eu lacus in, ultrices aliquet quam. Aliquam efficitur mattis lacus, et imperdiet ex pellentesque ut. Mauris ac eros auctor, fringilla leo at, mollis turpis. Nulla eget arcu at augue placerat cursus. Donec quis varius turpis, non ultricies sem.

> Sed in luctus ligula. Pellentesque dapibus feugiat tempus.
> Pellentesque mollis cursus nulla ac aliquam. In tristique laoreet
> arcu, non vehicula ipsum imperdiet id. Nunc ut sollicitudin risus.
> Vivamus feugiat sodales lacus id varius. Curabitur lobortis libero a
> justo feugiat, quis rutrum tellus gravida. Integer dictum risus sed
> sem tincidunt, vel blandit sapien porta. Vestibulum at sapien ut neque
> blandit dapibus sed vel dolor. Vivamus rutrum, velit et faucibus
> sollicitudin, elit turpis porta nunc, a dictum lectus est at ipsum.

Lorem ipsum dolor sit amet, consectetur adipiscing elit. Nullam vehicula ipsum eget lorem bibendum, a dignissim dui vestibulum. Duis aliquet dignissim ultricies. Vestibulum id diam at eros lacinia dapibus. Donec posuere felis ac leo tempor varius. Nullam interdum nibh sit amet lacinia laoreet. Quisque maximus eros non diam molestie vulputate. Phasellus commodo convallis nisi at dapibus. Aliquam erat volutpat. Donec eleifend felis magna, eget laoreet quam feugiat vel. Quisque et nunc pulvinar eros facilisis vulputate vel vitae ipsum. Maecenas viverra quam at nisl malesuada, vitae facilisis quam luctus. Sed lorem felis, pellentesque sit amet vulputate quis, rhoncus nec purus. Maecenas a tellus elit.

Nam molestie commodo quam eu cursus. In aliquam justo ut dui fermentum gravida. Etiam dignissim quam ante, ut lacinia nisl facilisis eu. Curabitur scelerisque tellus nec odio viverra fringilla. Vivamus justo quam, sagittis eu lacus in, ultrices aliquet quam. Aliquam efficitur mattis lacus, et imperdiet ex pellentesque ut. Mauris ac eros auctor, fringilla leo at, mollis turpis. Nulla eget arcu at augue placerat cursus. Donec quis varius turpis, non ultricies sem.

Nullam maximus euismod quam, quis malesuada mauris sollicitudin volutpat. Praesent maximus luctus justo ullamcorper euismod. Donec congue nulla vitae diam porta aliquam. Aenean vulputate fringilla lacus eu suscipit. Donec sed volutpat velit, et congue est. Nam pulvinar faucibus sem, a suscipit erat. Morbi efficitur malesuada lorem, quis convallis ex sodales eget.


  [1]: http://google.com');

INSERT INTO posts_tags(post_id, tag_id) VALUES (10, 1);
INSERT INTO posts_tags(post_id, tag_id) VALUES (10, 2);
INSERT INTO posts_tags(post_id, tag_id) VALUES (10, 3);
INSERT INTO posts_tags(post_id, tag_id) VALUES (10, 4);
INSERT INTO posts_tags(post_id, tag_id) VALUES (10, 5);


INSERT INTO posts(Id, dateTime, hidden, title, shortTextPart, fullPostText) VALUES(11, '2015-03-13 10:06:31', 0, 'Meow', '', 'MEOW!

![cat][1]


  [1]: http://i.imgur.com/yrvkoZJ.jpg');

INSERT INTO posts_tags(post_id, tag_id) VALUES (11, 6);

INSERT INTO posts(Id, dateTime, hidden, title, shortTextPart, fullPostText) VALUES(12, '2015-03-14 00:27:31', 0, 'Meow', '', 'meow.

![enter image description here][1]


  [1]: http://i.imgur.com/WHqLxs1.jpg');

INSERT INTO posts_tags(post_id, tag_id) VALUES (12, 6);
INSERT INTO posts(Id, dateTime, hidden, title, shortTextPart, fullPostText) VALUES(13, '2015-03-14 12:07:31', 0, 'Hello post 13', '**Hello 13**

Lorem **ipsum** *dolor* sit amet, consectetur adipiscing elit. Nullam vehicula ipsum eget lorem bibendum, a dignissim dui vestibulum. Duis aliquet dignissim ultricies. Vestibulum id diam at eros lacinia dapibus. Donec posuere felis ac leo tempor varius. Nullam interdum nibh sit amet lacinia laoreet. Quisque maximus [google][1] eros non diam molestie vulputate. Phasellus commodo convallis nisi at dapibus. Aliquam erat volutpat. Donec eleifend felis magna, eget laoreet quam feugiat vel. Quisque et nunc pulvinar eros facilisis vulputate vel vitae ipsum. Maecenas viverra quam at nisl malesuada, vitae facilisis quam luctus. Sed lorem felis, pellentesque sit amet vulputate quis, rhoncus nec purus. Maecenas a tellus elit.

  [1]: http://google.com',
'**Hello 13**

Lorem **ipsum** *dolor* sit amet, consectetur adipiscing elit. Nullam vehicula ipsum eget lorem bibendum, a dignissim dui vestibulum. Duis aliquet dignissim ultricies. Vestibulum id diam at eros lacinia dapibus. Donec posuere felis ac leo tempor varius. Nullam interdum nibh sit amet lacinia laoreet. Quisque maximus [google][1] eros non diam molestie vulputate. Phasellus commodo convallis nisi at dapibus. Aliquam erat volutpat. Donec eleifend felis magna, eget laoreet quam feugiat vel. Quisque et nunc pulvinar eros facilisis vulputate vel vitae ipsum. Maecenas viverra quam at nisl malesuada, vitae facilisis quam luctus. Sed lorem felis, pellentesque sit amet vulputate quis, rhoncus nec purus. Maecenas a tellus elit.
===cut===
    print(''hello'');
    print(''world'');
    return 0;

Nam molestie commodo quam eu cursus. In aliquam justo ut dui fermentum gravida. Etiam dignissim quam ante, ut lacinia nisl facilisis eu. Curabitur scelerisque tellus nec odio viverra fringilla. Vivamus justo quam, sagittis eu lacus in, ultrices aliquet quam. Aliquam efficitur mattis lacus, et imperdiet ex pellentesque ut. Mauris ac eros auctor, fringilla leo at, mollis turpis. Nulla eget arcu at augue placerat cursus. Donec quis varius turpis, non ultricies sem.

> Sed in luctus ligula. Pellentesque dapibus feugiat tempus.
> Pellentesque mollis cursus nulla ac aliquam. In tristique laoreet
> arcu, non vehicula ipsum imperdiet id. Nunc ut sollicitudin risus.
> Vivamus feugiat sodales lacus id varius. Curabitur lobortis libero a
> justo feugiat, quis rutrum tellus gravida. Integer dictum risus sed
> sem tincidunt, vel blandit sapien porta. Vestibulum at sapien ut neque
> blandit dapibus sed vel dolor. Vivamus rutrum, velit et faucibus
> sollicitudin, elit turpis porta nunc, a dictum lectus est at ipsum.

Lorem ipsum dolor sit amet, consectetur adipiscing elit. Nullam vehicula ipsum eget lorem bibendum, a dignissim dui vestibulum. Duis aliquet dignissim ultricies. Vestibulum id diam at eros lacinia dapibus. Donec posuere felis ac leo tempor varius. Nullam interdum nibh sit amet lacinia laoreet. Quisque maximus eros non diam molestie vulputate. Phasellus commodo convallis nisi at dapibus. Aliquam erat volutpat. Donec eleifend felis magna, eget laoreet quam feugiat vel. Quisque et nunc pulvinar eros facilisis vulputate vel vitae ipsum. Maecenas viverra quam at nisl malesuada, vitae facilisis quam luctus. Sed lorem felis, pellentesque sit amet vulputate quis, rhoncus nec purus. Maecenas a tellus elit.

Nam molestie commodo quam eu cursus. In aliquam justo ut dui fermentum gravida. Etiam dignissim quam ante, ut lacinia nisl facilisis eu. Curabitur scelerisque tellus nec odio viverra fringilla. Vivamus justo quam, sagittis eu lacus in, ultrices aliquet quam. Aliquam efficitur mattis lacus, et imperdiet ex pellentesque ut. Mauris ac eros auctor, fringilla leo at, mollis turpis. Nulla eget arcu at augue placerat cursus. Donec quis varius turpis, non ultricies sem.

Nullam maximus euismod quam, quis malesuada mauris sollicitudin volutpat. Praesent maximus luctus justo ullamcorper euismod. Donec congue nulla vitae diam porta aliquam. Aenean vulputate fringilla lacus eu suscipit. Donec sed volutpat velit, et congue est. Nam pulvinar faucibus sem, a suscipit erat. Morbi efficitur malesuada lorem, quis convallis ex sodales eget.


  [1]: http://google.com');

INSERT INTO posts_tags(post_id, tag_id) VALUES (13, 1);
INSERT INTO posts_tags(post_id, tag_id) VALUES (13, 2);
INSERT INTO posts_tags(post_id, tag_id) VALUES (13, 3);
INSERT INTO posts_tags(post_id, tag_id) VALUES (13, 4);
INSERT INTO posts_tags(post_id, tag_id) VALUES (13, 5);


INSERT INTO posts(Id, dateTime, hidden, title, shortTextPart, fullPostText) VALUES(14, '2015-03-14 19:31:31', 0, 'Meow', '', 'MEOW!

![cat][1]


  [1]: http://i.imgur.com/yrvkoZJ.jpg');

INSERT INTO posts_tags(post_id, tag_id) VALUES (14, 6);

INSERT INTO posts(Id, dateTime, hidden, title, shortTextPart, fullPostText) VALUES(15, '2015-03-14 20:09:31', 0, 'Meow', '', 'meow.

![enter image description here][1]


  [1]: http://i.imgur.com/WHqLxs1.jpg');

INSERT INTO posts_tags(post_id, tag_id) VALUES (15, 6);
INSERT INTO posts(Id, dateTime, hidden, title, shortTextPart, fullPostText) VALUES(16, '2015-03-14 20:54:31', 0, 'Hello post 16', '**Hello 16**

Lorem **ipsum** *dolor* sit amet, consectetur adipiscing elit. Nullam vehicula ipsum eget lorem bibendum, a dignissim dui vestibulum. Duis aliquet dignissim ultricies. Vestibulum id diam at eros lacinia dapibus. Donec posuere felis ac leo tempor varius. Nullam interdum nibh sit amet lacinia laoreet. Quisque maximus [google][1] eros non diam molestie vulputate. Phasellus commodo convallis nisi at dapibus. Aliquam erat volutpat. Donec eleifend felis magna, eget laoreet quam feugiat vel. Quisque et nunc pulvinar eros facilisis vulputate vel vitae ipsum. Maecenas viverra quam at nisl malesuada, vitae facilisis quam luctus. Sed lorem felis, pellentesque sit amet vulputate quis, rhoncus nec purus. Maecenas a tellus elit.

  [1]: http://google.com',
'**Hello 16**

Lorem **ipsum** *dolor* sit amet, consectetur adipiscing elit. Nullam vehicula ipsum eget lorem bibendum, a dignissim dui vestibulum. Duis aliquet dignissim ultricies. Vestibulum id diam at eros lacinia dapibus. Donec posuere felis ac leo tempor varius. Nullam interdum nibh sit amet lacinia laoreet. Quisque maximus [google][1] eros non diam molestie vulputate. Phasellus commodo convallis nisi at dapibus. Aliquam erat volutpat. Donec eleifend felis magna, eget laoreet quam feugiat vel. Quisque et nunc pulvinar eros facilisis vulputate vel vitae ipsum. Maecenas viverra quam at nisl malesuada, vitae facilisis quam luctus. Sed lorem felis, pellentesque sit amet vulputate quis, rhoncus nec purus. Maecenas a tellus elit.
===cut===
    print(''hello'');
    print(''world'');
    return 0;

Nam molestie commodo quam eu cursus. In aliquam justo ut dui fermentum gravida. Etiam dignissim quam ante, ut lacinia nisl facilisis eu. Curabitur scelerisque tellus nec odio viverra fringilla. Vivamus justo quam, sagittis eu lacus in, ultrices aliquet quam. Aliquam efficitur mattis lacus, et imperdiet ex pellentesque ut. Mauris ac eros auctor, fringilla leo at, mollis turpis. Nulla eget arcu at augue placerat cursus. Donec quis varius turpis, non ultricies sem.

> Sed in luctus ligula. Pellentesque dapibus feugiat tempus.
> Pellentesque mollis cursus nulla ac aliquam. In tristique laoreet
> arcu, non vehicula ipsum imperdiet id. Nunc ut sollicitudin risus.
> Vivamus feugiat sodales lacus id varius. Curabitur lobortis libero a
> justo feugiat, quis rutrum tellus gravida. Integer dictum risus sed
> sem tincidunt, vel blandit sapien porta. Vestibulum at sapien ut neque
> blandit dapibus sed vel dolor. Vivamus rutrum, velit et faucibus
> sollicitudin, elit turpis porta nunc, a dictum lectus est at ipsum.

Lorem ipsum dolor sit amet, consectetur adipiscing elit. Nullam vehicula ipsum eget lorem bibendum, a dignissim dui vestibulum. Duis aliquet dignissim ultricies. Vestibulum id diam at eros lacinia dapibus. Donec posuere felis ac leo tempor varius. Nullam interdum nibh sit amet lacinia laoreet. Quisque maximus eros non diam molestie vulputate. Phasellus commodo convallis nisi at dapibus. Aliquam erat volutpat. Donec eleifend felis magna, eget laoreet quam feugiat vel. Quisque et nunc pulvinar eros facilisis vulputate vel vitae ipsum. Maecenas viverra quam at nisl malesuada, vitae facilisis quam luctus. Sed lorem felis, pellentesque sit amet vulputate quis, rhoncus nec purus. Maecenas a tellus elit.

Nam molestie commodo quam eu cursus. In aliquam justo ut dui fermentum gravida. Etiam dignissim quam ante, ut lacinia nisl facilisis eu. Curabitur scelerisque tellus nec odio viverra fringilla. Vivamus justo quam, sagittis eu lacus in, ultrices aliquet quam. Aliquam efficitur mattis lacus, et imperdiet ex pellentesque ut. Mauris ac eros auctor, fringilla leo at, mollis turpis. Nulla eget arcu at augue placerat cursus. Donec quis varius turpis, non ultricies sem.

Nullam maximus euismod quam, quis malesuada mauris sollicitudin volutpat. Praesent maximus luctus justo ullamcorper euismod. Donec congue nulla vitae diam porta aliquam. Aenean vulputate fringilla lacus eu suscipit. Donec sed volutpat velit, et congue est. Nam pulvinar faucibus sem, a suscipit erat. Morbi efficitur malesuada lorem, quis convallis ex sodales eget.


  [1]: http://google.com');

INSERT INTO posts_tags(post_id, tag_id) VALUES (16, 1);
INSERT INTO posts_tags(post_id, tag_id) VALUES (16, 2);
INSERT INTO posts_tags(post_id, tag_id) VALUES (16, 3);
INSERT INTO posts_tags(post_id, tag_id) VALUES (16, 4);
INSERT INTO posts_tags(post_id, tag_id) VALUES (16, 5);


INSERT INTO posts(Id, dateTime, hidden, title, shortTextPart, fullPostText) VALUES(17, '2015-03-15 02:26:31', 0, 'Meow', '', 'MEOW!

![cat][1]


  [1]: http://i.imgur.com/yrvkoZJ.jpg');

INSERT INTO posts_tags(post_id, tag_id) VALUES (17, 6);

INSERT INTO posts(Id, dateTime, hidden, title, shortTextPart, fullPostText) VALUES(18, '2015-03-15 07:56:31', 0, 'Meow', '', 'meow.

![enter image description here][1]


  [1]: http://i.imgur.com/WHqLxs1.jpg');

INSERT INTO posts_tags(post_id, tag_id) VALUES (18, 6);
INSERT INTO posts(Id, dateTime, hidden, title, shortTextPart, fullPostText) VALUES(19, '2015-03-15 14:37:31', 0, 'Hello post 19', '**Hello 19**

Lorem **ipsum** *dolor* sit amet, consectetur adipiscing elit. Nullam vehicula ipsum eget lorem bibendum, a dignissim dui vestibulum. Duis aliquet dignissim ultricies. Vestibulum id diam at eros lacinia dapibus. Donec posuere felis ac leo tempor varius. Nullam interdum nibh sit amet lacinia laoreet. Quisque maximus [google][1] eros non diam molestie vulputate. Phasellus commodo convallis nisi at dapibus. Aliquam erat volutpat. Donec eleifend felis magna, eget laoreet quam feugiat vel. Quisque et nunc pulvinar eros facilisis vulputate vel vitae ipsum. Maecenas viverra quam at nisl malesuada, vitae facilisis quam luctus. Sed lorem felis, pellentesque sit amet vulputate quis, rhoncus nec purus. Maecenas a tellus elit.

  [1]: http://google.com',
'**Hello 19**

Lorem **ipsum** *dolor* sit amet, consectetur adipiscing elit. Nullam vehicula ipsum eget lorem bibendum, a dignissim dui vestibulum. Duis aliquet dignissim ultricies. Vestibulum id diam at eros lacinia dapibus. Donec posuere felis ac leo tempor varius. Nullam interdum nibh sit amet lacinia laoreet. Quisque maximus [google][1] eros non diam molestie vulputate. Phasellus commodo convallis nisi at dapibus. Aliquam erat volutpat. Donec eleifend felis magna, eget laoreet quam feugiat vel. Quisque et nunc pulvinar eros facilisis vulputate vel vitae ipsum. Maecenas viverra quam at nisl malesuada, vitae facilisis quam luctus. Sed lorem felis, pellentesque sit amet vulputate quis, rhoncus nec purus. Maecenas a tellus elit.
===cut===
    print(''hello'');
    print(''world'');
    return 0;

Nam molestie commodo quam eu cursus. In aliquam justo ut dui fermentum gravida. Etiam dignissim quam ante, ut lacinia nisl facilisis eu. Curabitur scelerisque tellus nec odio viverra fringilla. Vivamus justo quam, sagittis eu lacus in, ultrices aliquet quam. Aliquam efficitur mattis lacus, et imperdiet ex pellentesque ut. Mauris ac eros auctor, fringilla leo at, mollis turpis. Nulla eget arcu at augue placerat cursus. Donec quis varius turpis, non ultricies sem.

> Sed in luctus ligula. Pellentesque dapibus feugiat tempus.
> Pellentesque mollis cursus nulla ac aliquam. In tristique laoreet
> arcu, non vehicula ipsum imperdiet id. Nunc ut sollicitudin risus.
> Vivamus feugiat sodales lacus id varius. Curabitur lobortis libero a
> justo feugiat, quis rutrum tellus gravida. Integer dictum risus sed
> sem tincidunt, vel blandit sapien porta. Vestibulum at sapien ut neque
> blandit dapibus sed vel dolor. Vivamus rutrum, velit et faucibus
> sollicitudin, elit turpis porta nunc, a dictum lectus est at ipsum.

Lorem ipsum dolor sit amet, consectetur adipiscing elit. Nullam vehicula ipsum eget lorem bibendum, a dignissim dui vestibulum. Duis aliquet dignissim ultricies. Vestibulum id diam at eros lacinia dapibus. Donec posuere felis ac leo tempor varius. Nullam interdum nibh sit amet lacinia laoreet. Quisque maximus eros non diam molestie vulputate. Phasellus commodo convallis nisi at dapibus. Aliquam erat volutpat. Donec eleifend felis magna, eget laoreet quam feugiat vel. Quisque et nunc pulvinar eros facilisis vulputate vel vitae ipsum. Maecenas viverra quam at nisl malesuada, vitae facilisis quam luctus. Sed lorem felis, pellentesque sit amet vulputate quis, rhoncus nec purus. Maecenas a tellus elit.

Nam molestie commodo quam eu cursus. In aliquam justo ut dui fermentum gravida. Etiam dignissim quam ante, ut lacinia nisl facilisis eu. Curabitur scelerisque tellus nec odio viverra fringilla. Vivamus justo quam, sagittis eu lacus in, ultrices aliquet quam. Aliquam efficitur mattis lacus, et imperdiet ex pellentesque ut. Mauris ac eros auctor, fringilla leo at, mollis turpis. Nulla eget arcu at augue placerat cursus. Donec quis varius turpis, non ultricies sem.

Nullam maximus euismod quam, quis malesuada mauris sollicitudin volutpat. Praesent maximus luctus justo ullamcorper euismod. Donec congue nulla vitae diam porta aliquam. Aenean vulputate fringilla lacus eu suscipit. Donec sed volutpat velit, et congue est. Nam pulvinar faucibus sem, a suscipit erat. Morbi efficitur malesuada lorem, quis convallis ex sodales eget.


  [1]: http://google.com');

INSERT INTO posts_tags(post_id, tag_id) VALUES (19, 1);
INSERT INTO posts_tags(post_id, tag_id) VALUES (19, 2);
INSERT INTO posts_tags(post_id, tag_id) VALUES (19, 3);
INSERT INTO posts_tags(post_id, tag_id) VALUES (19, 4);
INSERT INTO posts_tags(post_id, tag_id) VALUES (19, 5);


INSERT INTO posts(Id, dateTime, hidden, title, shortTextPart, fullPostText) VALUES(20, '2015-03-15 19:59:31', 0, 'Meow', '', 'MEOW!

![cat][1]


  [1]: http://i.imgur.com/yrvkoZJ.jpg');

INSERT INTO posts_tags(post_id, tag_id) VALUES (20, 6);

INSERT INTO posts(Id, dateTime, hidden, title, shortTextPart, fullPostText) VALUES(21, '2015-03-15 23:48:31', 0, 'Meow', '', 'meow.

![enter image description here][1]


  [1]: http://i.imgur.com/WHqLxs1.jpg');

INSERT INTO posts_tags(post_id, tag_id) VALUES (21, 6);
INSERT INTO posts(Id, dateTime, hidden, title, shortTextPart, fullPostText) VALUES(22, '2015-03-16 04:21:31', 0, 'Hello post 22', '**Hello 22**

Lorem **ipsum** *dolor* sit amet, consectetur adipiscing elit. Nullam vehicula ipsum eget lorem bibendum, a dignissim dui vestibulum. Duis aliquet dignissim ultricies. Vestibulum id diam at eros lacinia dapibus. Donec posuere felis ac leo tempor varius. Nullam interdum nibh sit amet lacinia laoreet. Quisque maximus [google][1] eros non diam molestie vulputate. Phasellus commodo convallis nisi at dapibus. Aliquam erat volutpat. Donec eleifend felis magna, eget laoreet quam feugiat vel. Quisque et nunc pulvinar eros facilisis vulputate vel vitae ipsum. Maecenas viverra quam at nisl malesuada, vitae facilisis quam luctus. Sed lorem felis, pellentesque sit amet vulputate quis, rhoncus nec purus. Maecenas a tellus elit.

  [1]: http://google.com',
'**Hello 22**

Lorem **ipsum** *dolor* sit amet, consectetur adipiscing elit. Nullam vehicula ipsum eget lorem bibendum, a dignissim dui vestibulum. Duis aliquet dignissim ultricies. Vestibulum id diam at eros lacinia dapibus. Donec posuere felis ac leo tempor varius. Nullam interdum nibh sit amet lacinia laoreet. Quisque maximus [google][1] eros non diam molestie vulputate. Phasellus commodo convallis nisi at dapibus. Aliquam erat volutpat. Donec eleifend felis magna, eget laoreet quam feugiat vel. Quisque et nunc pulvinar eros facilisis vulputate vel vitae ipsum. Maecenas viverra quam at nisl malesuada, vitae facilisis quam luctus. Sed lorem felis, pellentesque sit amet vulputate quis, rhoncus nec purus. Maecenas a tellus elit.
===cut===
    print(''hello'');
    print(''world'');
    return 0;

Nam molestie commodo quam eu cursus. In aliquam justo ut dui fermentum gravida. Etiam dignissim quam ante, ut lacinia nisl facilisis eu. Curabitur scelerisque tellus nec odio viverra fringilla. Vivamus justo quam, sagittis eu lacus in, ultrices aliquet quam. Aliquam efficitur mattis lacus, et imperdiet ex pellentesque ut. Mauris ac eros auctor, fringilla leo at, mollis turpis. Nulla eget arcu at augue placerat cursus. Donec quis varius turpis, non ultricies sem.

> Sed in luctus ligula. Pellentesque dapibus feugiat tempus.
> Pellentesque mollis cursus nulla ac aliquam. In tristique laoreet
> arcu, non vehicula ipsum imperdiet id. Nunc ut sollicitudin risus.
> Vivamus feugiat sodales lacus id varius. Curabitur lobortis libero a
> justo feugiat, quis rutrum tellus gravida. Integer dictum risus sed
> sem tincidunt, vel blandit sapien porta. Vestibulum at sapien ut neque
> blandit dapibus sed vel dolor. Vivamus rutrum, velit et faucibus
> sollicitudin, elit turpis porta nunc, a dictum lectus est at ipsum.

Lorem ipsum dolor sit amet, consectetur adipiscing elit. Nullam vehicula ipsum eget lorem bibendum, a dignissim dui vestibulum. Duis aliquet dignissim ultricies. Vestibulum id diam at eros lacinia dapibus. Donec posuere felis ac leo tempor varius. Nullam interdum nibh sit amet lacinia laoreet. Quisque maximus eros non diam molestie vulputate. Phasellus commodo convallis nisi at dapibus. Aliquam erat volutpat. Donec eleifend felis magna, eget laoreet quam feugiat vel. Quisque et nunc pulvinar eros facilisis vulputate vel vitae ipsum. Maecenas viverra quam at nisl malesuada, vitae facilisis quam luctus. Sed lorem felis, pellentesque sit amet vulputate quis, rhoncus nec purus. Maecenas a tellus elit.

Nam molestie commodo quam eu cursus. In aliquam justo ut dui fermentum gravida. Etiam dignissim quam ante, ut lacinia nisl facilisis eu. Curabitur scelerisque tellus nec odio viverra fringilla. Vivamus justo quam, sagittis eu lacus in, ultrices aliquet quam. Aliquam efficitur mattis lacus, et imperdiet ex pellentesque ut. Mauris ac eros auctor, fringilla leo at, mollis turpis. Nulla eget arcu at augue placerat cursus. Donec quis varius turpis, non ultricies sem.

Nullam maximus euismod quam, quis malesuada mauris sollicitudin volutpat. Praesent maximus luctus justo ullamcorper euismod. Donec congue nulla vitae diam porta aliquam. Aenean vulputate fringilla lacus eu suscipit. Donec sed volutpat velit, et congue est. Nam pulvinar faucibus sem, a suscipit erat. Morbi efficitur malesuada lorem, quis convallis ex sodales eget.


  [1]: http://google.com');

INSERT INTO posts_tags(post_id, tag_id) VALUES (22, 1);
INSERT INTO posts_tags(post_id, tag_id) VALUES (22, 2);
INSERT INTO posts_tags(post_id, tag_id) VALUES (22, 3);
INSERT INTO posts_tags(post_id, tag_id) VALUES (22, 4);
INSERT INTO posts_tags(post_id, tag_id) VALUES (22, 5);


INSERT INTO posts(Id, dateTime, hidden, title, shortTextPart, fullPostText) VALUES(23, '2015-03-16 15:07:31', 0, 'Meow', '', 'MEOW!

![cat][1]


  [1]: http://i.imgur.com/yrvkoZJ.jpg');

INSERT INTO posts_tags(post_id, tag_id) VALUES (23, 6);

INSERT INTO posts(Id, dateTime, hidden, title, shortTextPart, fullPostText) VALUES(24, '2015-03-16 17:53:31', 0, 'Meow', '', 'meow.

![enter image description here][1]


  [1]: http://i.imgur.com/WHqLxs1.jpg');

INSERT INTO posts_tags(post_id, tag_id) VALUES (24, 6);
INSERT INTO posts(Id, dateTime, hidden, title, shortTextPart, fullPostText) VALUES(25, '2015-03-17 08:16:31', 0, 'Hello post 25', '**Hello 25**

Lorem **ipsum** *dolor* sit amet, consectetur adipiscing elit. Nullam vehicula ipsum eget lorem bibendum, a dignissim dui vestibulum. Duis aliquet dignissim ultricies. Vestibulum id diam at eros lacinia dapibus. Donec posuere felis ac leo tempor varius. Nullam interdum nibh sit amet lacinia laoreet. Quisque maximus [google][1] eros non diam molestie vulputate. Phasellus commodo convallis nisi at dapibus. Aliquam erat volutpat. Donec eleifend felis magna, eget laoreet quam feugiat vel. Quisque et nunc pulvinar eros facilisis vulputate vel vitae ipsum. Maecenas viverra quam at nisl malesuada, vitae facilisis quam luctus. Sed lorem felis, pellentesque sit amet vulputate quis, rhoncus nec purus. Maecenas a tellus elit.

  [1]: http://google.com',
'**Hello 25**

Lorem **ipsum** *dolor* sit amet, consectetur adipiscing elit. Nullam vehicula ipsum eget lorem bibendum, a dignissim dui vestibulum. Duis aliquet dignissim ultricies. Vestibulum id diam at eros lacinia dapibus. Donec posuere felis ac leo tempor varius. Nullam interdum nibh sit amet lacinia laoreet. Quisque maximus [google][1] eros non diam molestie vulputate. Phasellus commodo convallis nisi at dapibus. Aliquam erat volutpat. Donec eleifend felis magna, eget laoreet quam feugiat vel. Quisque et nunc pulvinar eros facilisis vulputate vel vitae ipsum. Maecenas viverra quam at nisl malesuada, vitae facilisis quam luctus. Sed lorem felis, pellentesque sit amet vulputate quis, rhoncus nec purus. Maecenas a tellus elit.
===cut===
    print(''hello'');
    print(''world'');
    return 0;

Nam molestie commodo quam eu cursus. In aliquam justo ut dui fermentum gravida. Etiam dignissim quam ante, ut lacinia nisl facilisis eu. Curabitur scelerisque tellus nec odio viverra fringilla. Vivamus justo quam, sagittis eu lacus in, ultrices aliquet quam. Aliquam efficitur mattis lacus, et imperdiet ex pellentesque ut. Mauris ac eros auctor, fringilla leo at, mollis turpis. Nulla eget arcu at augue placerat cursus. Donec quis varius turpis, non ultricies sem.

> Sed in luctus ligula. Pellentesque dapibus feugiat tempus.
> Pellentesque mollis cursus nulla ac aliquam. In tristique laoreet
> arcu, non vehicula ipsum imperdiet id. Nunc ut sollicitudin risus.
> Vivamus feugiat sodales lacus id varius. Curabitur lobortis libero a
> justo feugiat, quis rutrum tellus gravida. Integer dictum risus sed
> sem tincidunt, vel blandit sapien porta. Vestibulum at sapien ut neque
> blandit dapibus sed vel dolor. Vivamus rutrum, velit et faucibus
> sollicitudin, elit turpis porta nunc, a dictum lectus est at ipsum.

Lorem ipsum dolor sit amet, consectetur adipiscing elit. Nullam vehicula ipsum eget lorem bibendum, a dignissim dui vestibulum. Duis aliquet dignissim ultricies. Vestibulum id diam at eros lacinia dapibus. Donec posuere felis ac leo tempor varius. Nullam interdum nibh sit amet lacinia laoreet. Quisque maximus eros non diam molestie vulputate. Phasellus commodo convallis nisi at dapibus. Aliquam erat volutpat. Donec eleifend felis magna, eget laoreet quam feugiat vel. Quisque et nunc pulvinar eros facilisis vulputate vel vitae ipsum. Maecenas viverra quam at nisl malesuada, vitae facilisis quam luctus. Sed lorem felis, pellentesque sit amet vulputate quis, rhoncus nec purus. Maecenas a tellus elit.

Nam molestie commodo quam eu cursus. In aliquam justo ut dui fermentum gravida. Etiam dignissim quam ante, ut lacinia nisl facilisis eu. Curabitur scelerisque tellus nec odio viverra fringilla. Vivamus justo quam, sagittis eu lacus in, ultrices aliquet quam. Aliquam efficitur mattis lacus, et imperdiet ex pellentesque ut. Mauris ac eros auctor, fringilla leo at, mollis turpis. Nulla eget arcu at augue placerat cursus. Donec quis varius turpis, non ultricies sem.

Nullam maximus euismod quam, quis malesuada mauris sollicitudin volutpat. Praesent maximus luctus justo ullamcorper euismod. Donec congue nulla vitae diam porta aliquam. Aenean vulputate fringilla lacus eu suscipit. Donec sed volutpat velit, et congue est. Nam pulvinar faucibus sem, a suscipit erat. Morbi efficitur malesuada lorem, quis convallis ex sodales eget.


  [1]: http://google.com');

INSERT INTO posts_tags(post_id, tag_id) VALUES (25, 1);
INSERT INTO posts_tags(post_id, tag_id) VALUES (25, 2);
INSERT INTO posts_tags(post_id, tag_id) VALUES (25, 3);
INSERT INTO posts_tags(post_id, tag_id) VALUES (25, 4);
INSERT INTO posts_tags(post_id, tag_id) VALUES (25, 5);


INSERT INTO posts(Id, dateTime, hidden, title, shortTextPart, fullPostText) VALUES(26, '2015-03-17 12:27:31', 0, 'Meow', '', 'MEOW!

![cat][1]


  [1]: http://i.imgur.com/yrvkoZJ.jpg');

INSERT INTO posts_tags(post_id, tag_id) VALUES (26, 6);

INSERT INTO posts(Id, dateTime, hidden, title, shortTextPart, fullPostText) VALUES(27, '2015-03-17 20:13:31', 0, 'Meow', '', 'meow.

![enter image description here][1]


  [1]: http://i.imgur.com/WHqLxs1.jpg');

INSERT INTO posts_tags(post_id, tag_id) VALUES (27, 6);
INSERT INTO posts(Id, dateTime, hidden, title, shortTextPart, fullPostText) VALUES(28, '2015-03-17 21:40:31', 0, 'Hello post 28', '**Hello 28**

Lorem **ipsum** *dolor* sit amet, consectetur adipiscing elit. Nullam vehicula ipsum eget lorem bibendum, a dignissim dui vestibulum. Duis aliquet dignissim ultricies. Vestibulum id diam at eros lacinia dapibus. Donec posuere felis ac leo tempor varius. Nullam interdum nibh sit amet lacinia laoreet. Quisque maximus [google][1] eros non diam molestie vulputate. Phasellus commodo convallis nisi at dapibus. Aliquam erat volutpat. Donec eleifend felis magna, eget laoreet quam feugiat vel. Quisque et nunc pulvinar eros facilisis vulputate vel vitae ipsum. Maecenas viverra quam at nisl malesuada, vitae facilisis quam luctus. Sed lorem felis, pellentesque sit amet vulputate quis, rhoncus nec purus. Maecenas a tellus elit.

  [1]: http://google.com',
'**Hello 28**

Lorem **ipsum** *dolor* sit amet, consectetur adipiscing elit. Nullam vehicula ipsum eget lorem bibendum, a dignissim dui vestibulum. Duis aliquet dignissim ultricies. Vestibulum id diam at eros lacinia dapibus. Donec posuere felis ac leo tempor varius. Nullam interdum nibh sit amet lacinia laoreet. Quisque maximus [google][1] eros non diam molestie vulputate. Phasellus commodo convallis nisi at dapibus. Aliquam erat volutpat. Donec eleifend felis magna, eget laoreet quam feugiat vel. Quisque et nunc pulvinar eros facilisis vulputate vel vitae ipsum. Maecenas viverra quam at nisl malesuada, vitae facilisis quam luctus. Sed lorem felis, pellentesque sit amet vulputate quis, rhoncus nec purus. Maecenas a tellus elit.
===cut===
    print(''hello'');
    print(''world'');
    return 0;

Nam molestie commodo quam eu cursus. In aliquam justo ut dui fermentum gravida. Etiam dignissim quam ante, ut lacinia nisl facilisis eu. Curabitur scelerisque tellus nec odio viverra fringilla. Vivamus justo quam, sagittis eu lacus in, ultrices aliquet quam. Aliquam efficitur mattis lacus, et imperdiet ex pellentesque ut. Mauris ac eros auctor, fringilla leo at, mollis turpis. Nulla eget arcu at augue placerat cursus. Donec quis varius turpis, non ultricies sem.

> Sed in luctus ligula. Pellentesque dapibus feugiat tempus.
> Pellentesque mollis cursus nulla ac aliquam. In tristique laoreet
> arcu, non vehicula ipsum imperdiet id. Nunc ut sollicitudin risus.
> Vivamus feugiat sodales lacus id varius. Curabitur lobortis libero a
> justo feugiat, quis rutrum tellus gravida. Integer dictum risus sed
> sem tincidunt, vel blandit sapien porta. Vestibulum at sapien ut neque
> blandit dapibus sed vel dolor. Vivamus rutrum, velit et faucibus
> sollicitudin, elit turpis porta nunc, a dictum lectus est at ipsum.

Lorem ipsum dolor sit amet, consectetur adipiscing elit. Nullam vehicula ipsum eget lorem bibendum, a dignissim dui vestibulum. Duis aliquet dignissim ultricies. Vestibulum id diam at eros lacinia dapibus. Donec posuere felis ac leo tempor varius. Nullam interdum nibh sit amet lacinia laoreet. Quisque maximus eros non diam molestie vulputate. Phasellus commodo convallis nisi at dapibus. Aliquam erat volutpat. Donec eleifend felis magna, eget laoreet quam feugiat vel. Quisque et nunc pulvinar eros facilisis vulputate vel vitae ipsum. Maecenas viverra quam at nisl malesuada, vitae facilisis quam luctus. Sed lorem felis, pellentesque sit amet vulputate quis, rhoncus nec purus. Maecenas a tellus elit.

Nam molestie commodo quam eu cursus. In aliquam justo ut dui fermentum gravida. Etiam dignissim quam ante, ut lacinia nisl facilisis eu. Curabitur scelerisque tellus nec odio viverra fringilla. Vivamus justo quam, sagittis eu lacus in, ultrices aliquet quam. Aliquam efficitur mattis lacus, et imperdiet ex pellentesque ut. Mauris ac eros auctor, fringilla leo at, mollis turpis. Nulla eget arcu at augue placerat cursus. Donec quis varius turpis, non ultricies sem.

Nullam maximus euismod quam, quis malesuada mauris sollicitudin volutpat. Praesent maximus luctus justo ullamcorper euismod. Donec congue nulla vitae diam porta aliquam. Aenean vulputate fringilla lacus eu suscipit. Donec sed volutpat velit, et congue est. Nam pulvinar faucibus sem, a suscipit erat. Morbi efficitur malesuada lorem, quis convallis ex sodales eget.


  [1]: http://google.com');

INSERT INTO posts_tags(post_id, tag_id) VALUES (28, 1);
INSERT INTO posts_tags(post_id, tag_id) VALUES (28, 2);
INSERT INTO posts_tags(post_id, tag_id) VALUES (28, 3);
INSERT INTO posts_tags(post_id, tag_id) VALUES (28, 4);
INSERT INTO posts_tags(post_id, tag_id) VALUES (28, 5);


INSERT INTO posts(Id, dateTime, hidden, title, shortTextPart, fullPostText) VALUES(29, '2015-03-18 03:58:31', 0, 'Meow', '', 'MEOW!

![cat][1]


  [1]: http://i.imgur.com/yrvkoZJ.jpg');

INSERT INTO posts_tags(post_id, tag_id) VALUES (29, 6);

INSERT INTO posts(Id, dateTime, hidden, title, shortTextPart, fullPostText) VALUES(30, '2015-03-18 12:21:31', 0, 'Meow', '', 'meow.

![enter image description here][1]


  [1]: http://i.imgur.com/WHqLxs1.jpg');

INSERT INTO posts_tags(post_id, tag_id) VALUES (30, 6);
INSERT INTO posts(Id, dateTime, hidden, title, shortTextPart, fullPostText) VALUES(31, '2015-03-18 23:52:31', 0, 'Hello post 31', '**Hello 31**

Lorem **ipsum** *dolor* sit amet, consectetur adipiscing elit. Nullam vehicula ipsum eget lorem bibendum, a dignissim dui vestibulum. Duis aliquet dignissim ultricies. Vestibulum id diam at eros lacinia dapibus. Donec posuere felis ac leo tempor varius. Nullam interdum nibh sit amet lacinia laoreet. Quisque maximus [google][1] eros non diam molestie vulputate. Phasellus commodo convallis nisi at dapibus. Aliquam erat volutpat. Donec eleifend felis magna, eget laoreet quam feugiat vel. Quisque et nunc pulvinar eros facilisis vulputate vel vitae ipsum. Maecenas viverra quam at nisl malesuada, vitae facilisis quam luctus. Sed lorem felis, pellentesque sit amet vulputate quis, rhoncus nec purus. Maecenas a tellus elit.

  [1]: http://google.com',
'**Hello 31**

Lorem **ipsum** *dolor* sit amet, consectetur adipiscing elit. Nullam vehicula ipsum eget lorem bibendum, a dignissim dui vestibulum. Duis aliquet dignissim ultricies. Vestibulum id diam at eros lacinia dapibus. Donec posuere felis ac leo tempor varius. Nullam interdum nibh sit amet lacinia laoreet. Quisque maximus [google][1] eros non diam molestie vulputate. Phasellus commodo convallis nisi at dapibus. Aliquam erat volutpat. Donec eleifend felis magna, eget laoreet quam feugiat vel. Quisque et nunc pulvinar eros facilisis vulputate vel vitae ipsum. Maecenas viverra quam at nisl malesuada, vitae facilisis quam luctus. Sed lorem felis, pellentesque sit amet vulputate quis, rhoncus nec purus. Maecenas a tellus elit.
===cut===
    print(''hello'');
    print(''world'');
    return 0;

Nam molestie commodo quam eu cursus. In aliquam justo ut dui fermentum gravida. Etiam dignissim quam ante, ut lacinia nisl facilisis eu. Curabitur scelerisque tellus nec odio viverra fringilla. Vivamus justo quam, sagittis eu lacus in, ultrices aliquet quam. Aliquam efficitur mattis lacus, et imperdiet ex pellentesque ut. Mauris ac eros auctor, fringilla leo at, mollis turpis. Nulla eget arcu at augue placerat cursus. Donec quis varius turpis, non ultricies sem.

> Sed in luctus ligula. Pellentesque dapibus feugiat tempus.
> Pellentesque mollis cursus nulla ac aliquam. In tristique laoreet
> arcu, non vehicula ipsum imperdiet id. Nunc ut sollicitudin risus.
> Vivamus feugiat sodales lacus id varius. Curabitur lobortis libero a
> justo feugiat, quis rutrum tellus gravida. Integer dictum risus sed
> sem tincidunt, vel blandit sapien porta. Vestibulum at sapien ut neque
> blandit dapibus sed vel dolor. Vivamus rutrum, velit et faucibus
> sollicitudin, elit turpis porta nunc, a dictum lectus est at ipsum.

Lorem ipsum dolor sit amet, consectetur adipiscing elit. Nullam vehicula ipsum eget lorem bibendum, a dignissim dui vestibulum. Duis aliquet dignissim ultricies. Vestibulum id diam at eros lacinia dapibus. Donec posuere felis ac leo tempor varius. Nullam interdum nibh sit amet lacinia laoreet. Quisque maximus eros non diam molestie vulputate. Phasellus commodo convallis nisi at dapibus. Aliquam erat volutpat. Donec eleifend felis magna, eget laoreet quam feugiat vel. Quisque et nunc pulvinar eros facilisis vulputate vel vitae ipsum. Maecenas viverra quam at nisl malesuada, vitae facilisis quam luctus. Sed lorem felis, pellentesque sit amet vulputate quis, rhoncus nec purus. Maecenas a tellus elit.

Nam molestie commodo quam eu cursus. In aliquam justo ut dui fermentum gravida. Etiam dignissim quam ante, ut lacinia nisl facilisis eu. Curabitur scelerisque tellus nec odio viverra fringilla. Vivamus justo quam, sagittis eu lacus in, ultrices aliquet quam. Aliquam efficitur mattis lacus, et imperdiet ex pellentesque ut. Mauris ac eros auctor, fringilla leo at, mollis turpis. Nulla eget arcu at augue placerat cursus. Donec quis varius turpis, non ultricies sem.

Nullam maximus euismod quam, quis malesuada mauris sollicitudin volutpat. Praesent maximus luctus justo ullamcorper euismod. Donec congue nulla vitae diam porta aliquam. Aenean vulputate fringilla lacus eu suscipit. Donec sed volutpat velit, et congue est. Nam pulvinar faucibus sem, a suscipit erat. Morbi efficitur malesuada lorem, quis convallis ex sodales eget.


  [1]: http://google.com');

INSERT INTO posts_tags(post_id, tag_id) VALUES (31, 1);
INSERT INTO posts_tags(post_id, tag_id) VALUES (31, 2);
INSERT INTO posts_tags(post_id, tag_id) VALUES (31, 3);
INSERT INTO posts_tags(post_id, tag_id) VALUES (31, 4);
INSERT INTO posts_tags(post_id, tag_id) VALUES (31, 5);


INSERT INTO posts(Id, dateTime, hidden, title, shortTextPart, fullPostText) VALUES(32, '2015-03-19 05:32:31', 0, 'Meow', '', 'MEOW!

![cat][1]


  [1]: http://i.imgur.com/yrvkoZJ.jpg');

INSERT INTO posts_tags(post_id, tag_id) VALUES (32, 6);

INSERT INTO posts(Id, dateTime, hidden, title, shortTextPart, fullPostText) VALUES(33, '2015-03-19 16:58:31', 0, 'Meow', '', 'meow.

![enter image description here][1]


  [1]: http://i.imgur.com/WHqLxs1.jpg');

INSERT INTO posts_tags(post_id, tag_id) VALUES (33, 6);
INSERT INTO posts(Id, dateTime, hidden, title, shortTextPart, fullPostText) VALUES(34, '2015-03-20 04:14:31', 0, 'Hello post 34', '**Hello 34**

Lorem **ipsum** *dolor* sit amet, consectetur adipiscing elit. Nullam vehicula ipsum eget lorem bibendum, a dignissim dui vestibulum. Duis aliquet dignissim ultricies. Vestibulum id diam at eros lacinia dapibus. Donec posuere felis ac leo tempor varius. Nullam interdum nibh sit amet lacinia laoreet. Quisque maximus [google][1] eros non diam molestie vulputate. Phasellus commodo convallis nisi at dapibus. Aliquam erat volutpat. Donec eleifend felis magna, eget laoreet quam feugiat vel. Quisque et nunc pulvinar eros facilisis vulputate vel vitae ipsum. Maecenas viverra quam at nisl malesuada, vitae facilisis quam luctus. Sed lorem felis, pellentesque sit amet vulputate quis, rhoncus nec purus. Maecenas a tellus elit.

  [1]: http://google.com',
'**Hello 34**

Lorem **ipsum** *dolor* sit amet, consectetur adipiscing elit. Nullam vehicula ipsum eget lorem bibendum, a dignissim dui vestibulum. Duis aliquet dignissim ultricies. Vestibulum id diam at eros lacinia dapibus. Donec posuere felis ac leo tempor varius. Nullam interdum nibh sit amet lacinia laoreet. Quisque maximus [google][1] eros non diam molestie vulputate. Phasellus commodo convallis nisi at dapibus. Aliquam erat volutpat. Donec eleifend felis magna, eget laoreet quam feugiat vel. Quisque et nunc pulvinar eros facilisis vulputate vel vitae ipsum. Maecenas viverra quam at nisl malesuada, vitae facilisis quam luctus. Sed lorem felis, pellentesque sit amet vulputate quis, rhoncus nec purus. Maecenas a tellus elit.
===cut===
    print(''hello'');
    print(''world'');
    return 0;

Nam molestie commodo quam eu cursus. In aliquam justo ut dui fermentum gravida. Etiam dignissim quam ante, ut lacinia nisl facilisis eu. Curabitur scelerisque tellus nec odio viverra fringilla. Vivamus justo quam, sagittis eu lacus in, ultrices aliquet quam. Aliquam efficitur mattis lacus, et imperdiet ex pellentesque ut. Mauris ac eros auctor, fringilla leo at, mollis turpis. Nulla eget arcu at augue placerat cursus. Donec quis varius turpis, non ultricies sem.

> Sed in luctus ligula. Pellentesque dapibus feugiat tempus.
> Pellentesque mollis cursus nulla ac aliquam. In tristique laoreet
> arcu, non vehicula ipsum imperdiet id. Nunc ut sollicitudin risus.
> Vivamus feugiat sodales lacus id varius. Curabitur lobortis libero a
> justo feugiat, quis rutrum tellus gravida. Integer dictum risus sed
> sem tincidunt, vel blandit sapien porta. Vestibulum at sapien ut neque
> blandit dapibus sed vel dolor. Vivamus rutrum, velit et faucibus
> sollicitudin, elit turpis porta nunc, a dictum lectus est at ipsum.

Lorem ipsum dolor sit amet, consectetur adipiscing elit. Nullam vehicula ipsum eget lorem bibendum, a dignissim dui vestibulum. Duis aliquet dignissim ultricies. Vestibulum id diam at eros lacinia dapibus. Donec posuere felis ac leo tempor varius. Nullam interdum nibh sit amet lacinia laoreet. Quisque maximus eros non diam molestie vulputate. Phasellus commodo convallis nisi at dapibus. Aliquam erat volutpat. Donec eleifend felis magna, eget laoreet quam feugiat vel. Quisque et nunc pulvinar eros facilisis vulputate vel vitae ipsum. Maecenas viverra quam at nisl malesuada, vitae facilisis quam luctus. Sed lorem felis, pellentesque sit amet vulputate quis, rhoncus nec purus. Maecenas a tellus elit.

Nam molestie commodo quam eu cursus. In aliquam justo ut dui fermentum gravida. Etiam dignissim quam ante, ut lacinia nisl facilisis eu. Curabitur scelerisque tellus nec odio viverra fringilla. Vivamus justo quam, sagittis eu lacus in, ultrices aliquet quam. Aliquam efficitur mattis lacus, et imperdiet ex pellentesque ut. Mauris ac eros auctor, fringilla leo at, mollis turpis. Nulla eget arcu at augue placerat cursus. Donec quis varius turpis, non ultricies sem.

Nullam maximus euismod quam, quis malesuada mauris sollicitudin volutpat. Praesent maximus luctus justo ullamcorper euismod. Donec congue nulla vitae diam porta aliquam. Aenean vulputate fringilla lacus eu suscipit. Donec sed volutpat velit, et congue est. Nam pulvinar faucibus sem, a suscipit erat. Morbi efficitur malesuada lorem, quis convallis ex sodales eget.


  [1]: http://google.com');

INSERT INTO posts_tags(post_id, tag_id) VALUES (34, 1);
INSERT INTO posts_tags(post_id, tag_id) VALUES (34, 2);
INSERT INTO posts_tags(post_id, tag_id) VALUES (34, 3);
INSERT INTO posts_tags(post_id, tag_id) VALUES (34, 4);
INSERT INTO posts_tags(post_id, tag_id) VALUES (34, 5);


INSERT INTO posts(Id, dateTime, hidden, title, shortTextPart, fullPostText) VALUES(35, '2015-03-20 04:56:31', 0, 'Meow', '', 'MEOW!

![cat][1]


  [1]: http://i.imgur.com/yrvkoZJ.jpg');

INSERT INTO posts_tags(post_id, tag_id) VALUES (35, 6);

INSERT INTO posts(Id, dateTime, hidden, title, shortTextPart, fullPostText) VALUES(36, '2015-03-20 07:12:31', 0, 'Meow', '', 'meow.

![enter image description here][1]


  [1]: http://i.imgur.com/WHqLxs1.jpg');

INSERT INTO posts_tags(post_id, tag_id) VALUES (36, 6);
INSERT INTO posts(Id, dateTime, hidden, title, shortTextPart, fullPostText) VALUES(37, '2015-03-20 07:57:31', 0, 'Hello post 37', '**Hello 37**

Lorem **ipsum** *dolor* sit amet, consectetur adipiscing elit. Nullam vehicula ipsum eget lorem bibendum, a dignissim dui vestibulum. Duis aliquet dignissim ultricies. Vestibulum id diam at eros lacinia dapibus. Donec posuere felis ac leo tempor varius. Nullam interdum nibh sit amet lacinia laoreet. Quisque maximus [google][1] eros non diam molestie vulputate. Phasellus commodo convallis nisi at dapibus. Aliquam erat volutpat. Donec eleifend felis magna, eget laoreet quam feugiat vel. Quisque et nunc pulvinar eros facilisis vulputate vel vitae ipsum. Maecenas viverra quam at nisl malesuada, vitae facilisis quam luctus. Sed lorem felis, pellentesque sit amet vulputate quis, rhoncus nec purus. Maecenas a tellus elit.

  [1]: http://google.com',
'**Hello 37**

Lorem **ipsum** *dolor* sit amet, consectetur adipiscing elit. Nullam vehicula ipsum eget lorem bibendum, a dignissim dui vestibulum. Duis aliquet dignissim ultricies. Vestibulum id diam at eros lacinia dapibus. Donec posuere felis ac leo tempor varius. Nullam interdum nibh sit amet lacinia laoreet. Quisque maximus [google][1] eros non diam molestie vulputate. Phasellus commodo convallis nisi at dapibus. Aliquam erat volutpat. Donec eleifend felis magna, eget laoreet quam feugiat vel. Quisque et nunc pulvinar eros facilisis vulputate vel vitae ipsum. Maecenas viverra quam at nisl malesuada, vitae facilisis quam luctus. Sed lorem felis, pellentesque sit amet vulputate quis, rhoncus nec purus. Maecenas a tellus elit.
===cut===
    print(''hello'');
    print(''world'');
    return 0;

Nam molestie commodo quam eu cursus. In aliquam justo ut dui fermentum gravida. Etiam dignissim quam ante, ut lacinia nisl facilisis eu. Curabitur scelerisque tellus nec odio viverra fringilla. Vivamus justo quam, sagittis eu lacus in, ultrices aliquet quam. Aliquam efficitur mattis lacus, et imperdiet ex pellentesque ut. Mauris ac eros auctor, fringilla leo at, mollis turpis. Nulla eget arcu at augue placerat cursus. Donec quis varius turpis, non ultricies sem.

> Sed in luctus ligula. Pellentesque dapibus feugiat tempus.
> Pellentesque mollis cursus nulla ac aliquam. In tristique laoreet
> arcu, non vehicula ipsum imperdiet id. Nunc ut sollicitudin risus.
> Vivamus feugiat sodales lacus id varius. Curabitur lobortis libero a
> justo feugiat, quis rutrum tellus gravida. Integer dictum risus sed
> sem tincidunt, vel blandit sapien porta. Vestibulum at sapien ut neque
> blandit dapibus sed vel dolor. Vivamus rutrum, velit et faucibus
> sollicitudin, elit turpis porta nunc, a dictum lectus est at ipsum.

Lorem ipsum dolor sit amet, consectetur adipiscing elit. Nullam vehicula ipsum eget lorem bibendum, a dignissim dui vestibulum. Duis aliquet dignissim ultricies. Vestibulum id diam at eros lacinia dapibus. Donec posuere felis ac leo tempor varius. Nullam interdum nibh sit amet lacinia laoreet. Quisque maximus eros non diam molestie vulputate. Phasellus commodo convallis nisi at dapibus. Aliquam erat volutpat. Donec eleifend felis magna, eget laoreet quam feugiat vel. Quisque et nunc pulvinar eros facilisis vulputate vel vitae ipsum. Maecenas viverra quam at nisl malesuada, vitae facilisis quam luctus. Sed lorem felis, pellentesque sit amet vulputate quis, rhoncus nec purus. Maecenas a tellus elit.

Nam molestie commodo quam eu cursus. In aliquam justo ut dui fermentum gravida. Etiam dignissim quam ante, ut lacinia nisl facilisis eu. Curabitur scelerisque tellus nec odio viverra fringilla. Vivamus justo quam, sagittis eu lacus in, ultrices aliquet quam. Aliquam efficitur mattis lacus, et imperdiet ex pellentesque ut. Mauris ac eros auctor, fringilla leo at, mollis turpis. Nulla eget arcu at augue placerat cursus. Donec quis varius turpis, non ultricies sem.

Nullam maximus euismod quam, quis malesuada mauris sollicitudin volutpat. Praesent maximus luctus justo ullamcorper euismod. Donec congue nulla vitae diam porta aliquam. Aenean vulputate fringilla lacus eu suscipit. Donec sed volutpat velit, et congue est. Nam pulvinar faucibus sem, a suscipit erat. Morbi efficitur malesuada lorem, quis convallis ex sodales eget.


  [1]: http://google.com');

INSERT INTO posts_tags(post_id, tag_id) VALUES (37, 1);
INSERT INTO posts_tags(post_id, tag_id) VALUES (37, 2);
INSERT INTO posts_tags(post_id, tag_id) VALUES (37, 3);
INSERT INTO posts_tags(post_id, tag_id) VALUES (37, 4);
INSERT INTO posts_tags(post_id, tag_id) VALUES (37, 5);


INSERT INTO posts(Id, dateTime, hidden, title, shortTextPart, fullPostText) VALUES(38, '2015-03-20 19:33:31', 0, 'Meow', '', 'MEOW!

![cat][1]


  [1]: http://i.imgur.com/yrvkoZJ.jpg');

INSERT INTO posts_tags(post_id, tag_id) VALUES (38, 6);

INSERT INTO posts(Id, dateTime, hidden, title, shortTextPart, fullPostText) VALUES(39, '2015-03-20 19:58:31', 0, 'Meow', '', 'meow.

![enter image description here][1]


  [1]: http://i.imgur.com/WHqLxs1.jpg');

INSERT INTO posts_tags(post_id, tag_id) VALUES (39, 6);
INSERT INTO posts(Id, dateTime, hidden, title, shortTextPart, fullPostText) VALUES(40, '2015-03-21 05:43:31', 0, 'Hello post 40', '**Hello 40**

Lorem **ipsum** *dolor* sit amet, consectetur adipiscing elit. Nullam vehicula ipsum eget lorem bibendum, a dignissim dui vestibulum. Duis aliquet dignissim ultricies. Vestibulum id diam at eros lacinia dapibus. Donec posuere felis ac leo tempor varius. Nullam interdum nibh sit amet lacinia laoreet. Quisque maximus [google][1] eros non diam molestie vulputate. Phasellus commodo convallis nisi at dapibus. Aliquam erat volutpat. Donec eleifend felis magna, eget laoreet quam feugiat vel. Quisque et nunc pulvinar eros facilisis vulputate vel vitae ipsum. Maecenas viverra quam at nisl malesuada, vitae facilisis quam luctus. Sed lorem felis, pellentesque sit amet vulputate quis, rhoncus nec purus. Maecenas a tellus elit.

  [1]: http://google.com',
'**Hello 40**

Lorem **ipsum** *dolor* sit amet, consectetur adipiscing elit. Nullam vehicula ipsum eget lorem bibendum, a dignissim dui vestibulum. Duis aliquet dignissim ultricies. Vestibulum id diam at eros lacinia dapibus. Donec posuere felis ac leo tempor varius. Nullam interdum nibh sit amet lacinia laoreet. Quisque maximus [google][1] eros non diam molestie vulputate. Phasellus commodo convallis nisi at dapibus. Aliquam erat volutpat. Donec eleifend felis magna, eget laoreet quam feugiat vel. Quisque et nunc pulvinar eros facilisis vulputate vel vitae ipsum. Maecenas viverra quam at nisl malesuada, vitae facilisis quam luctus. Sed lorem felis, pellentesque sit amet vulputate quis, rhoncus nec purus. Maecenas a tellus elit.
===cut===
    print(''hello'');
    print(''world'');
    return 0;

Nam molestie commodo quam eu cursus. In aliquam justo ut dui fermentum gravida. Etiam dignissim quam ante, ut lacinia nisl facilisis eu. Curabitur scelerisque tellus nec odio viverra fringilla. Vivamus justo quam, sagittis eu lacus in, ultrices aliquet quam. Aliquam efficitur mattis lacus, et imperdiet ex pellentesque ut. Mauris ac eros auctor, fringilla leo at, mollis turpis. Nulla eget arcu at augue placerat cursus. Donec quis varius turpis, non ultricies sem.

> Sed in luctus ligula. Pellentesque dapibus feugiat tempus.
> Pellentesque mollis cursus nulla ac aliquam. In tristique laoreet
> arcu, non vehicula ipsum imperdiet id. Nunc ut sollicitudin risus.
> Vivamus feugiat sodales lacus id varius. Curabitur lobortis libero a
> justo feugiat, quis rutrum tellus gravida. Integer dictum risus sed
> sem tincidunt, vel blandit sapien porta. Vestibulum at sapien ut neque
> blandit dapibus sed vel dolor. Vivamus rutrum, velit et faucibus
> sollicitudin, elit turpis porta nunc, a dictum lectus est at ipsum.

Lorem ipsum dolor sit amet, consectetur adipiscing elit. Nullam vehicula ipsum eget lorem bibendum, a dignissim dui vestibulum. Duis aliquet dignissim ultricies. Vestibulum id diam at eros lacinia dapibus. Donec posuere felis ac leo tempor varius. Nullam interdum nibh sit amet lacinia laoreet. Quisque maximus eros non diam molestie vulputate. Phasellus commodo convallis nisi at dapibus. Aliquam erat volutpat. Donec eleifend felis magna, eget laoreet quam feugiat vel. Quisque et nunc pulvinar eros facilisis vulputate vel vitae ipsum. Maecenas viverra quam at nisl malesuada, vitae facilisis quam luctus. Sed lorem felis, pellentesque sit amet vulputate quis, rhoncus nec purus. Maecenas a tellus elit.

Nam molestie commodo quam eu cursus. In aliquam justo ut dui fermentum gravida. Etiam dignissim quam ante, ut lacinia nisl facilisis eu. Curabitur scelerisque tellus nec odio viverra fringilla. Vivamus justo quam, sagittis eu lacus in, ultrices aliquet quam. Aliquam efficitur mattis lacus, et imperdiet ex pellentesque ut. Mauris ac eros auctor, fringilla leo at, mollis turpis. Nulla eget arcu at augue placerat cursus. Donec quis varius turpis, non ultricies sem.

Nullam maximus euismod quam, quis malesuada mauris sollicitudin volutpat. Praesent maximus luctus justo ullamcorper euismod. Donec congue nulla vitae diam porta aliquam. Aenean vulputate fringilla lacus eu suscipit. Donec sed volutpat velit, et congue est. Nam pulvinar faucibus sem, a suscipit erat. Morbi efficitur malesuada lorem, quis convallis ex sodales eget.


  [1]: http://google.com');

INSERT INTO posts_tags(post_id, tag_id) VALUES (40, 1);
INSERT INTO posts_tags(post_id, tag_id) VALUES (40, 2);
INSERT INTO posts_tags(post_id, tag_id) VALUES (40, 3);
INSERT INTO posts_tags(post_id, tag_id) VALUES (40, 4);
INSERT INTO posts_tags(post_id, tag_id) VALUES (40, 5);


INSERT INTO posts(Id, dateTime, hidden, title, shortTextPart, fullPostText) VALUES(41, '2015-03-21 15:17:31', 0, 'Meow', '', 'MEOW!

![cat][1]


  [1]: http://i.imgur.com/yrvkoZJ.jpg');

INSERT INTO posts_tags(post_id, tag_id) VALUES (41, 6);

INSERT INTO posts(Id, dateTime, hidden, title, shortTextPart, fullPostText) VALUES(42, '2015-03-21 21:53:31', 0, 'Meow', '', 'meow.

![enter image description here][1]


  [1]: http://i.imgur.com/WHqLxs1.jpg');

INSERT INTO posts_tags(post_id, tag_id) VALUES (42, 6);
INSERT INTO posts(Id, dateTime, hidden, title, shortTextPart, fullPostText) VALUES(43, '2015-03-22 04:42:31', 0, 'Hello post 43', '**Hello 43**

Lorem **ipsum** *dolor* sit amet, consectetur adipiscing elit. Nullam vehicula ipsum eget lorem bibendum, a dignissim dui vestibulum. Duis aliquet dignissim ultricies. Vestibulum id diam at eros lacinia dapibus. Donec posuere felis ac leo tempor varius. Nullam interdum nibh sit amet lacinia laoreet. Quisque maximus [google][1] eros non diam molestie vulputate. Phasellus commodo convallis nisi at dapibus. Aliquam erat volutpat. Donec eleifend felis magna, eget laoreet quam feugiat vel. Quisque et nunc pulvinar eros facilisis vulputate vel vitae ipsum. Maecenas viverra quam at nisl malesuada, vitae facilisis quam luctus. Sed lorem felis, pellentesque sit amet vulputate quis, rhoncus nec purus. Maecenas a tellus elit.

  [1]: http://google.com',
'**Hello 43**

Lorem **ipsum** *dolor* sit amet, consectetur adipiscing elit. Nullam vehicula ipsum eget lorem bibendum, a dignissim dui vestibulum. Duis aliquet dignissim ultricies. Vestibulum id diam at eros lacinia dapibus. Donec posuere felis ac leo tempor varius. Nullam interdum nibh sit amet lacinia laoreet. Quisque maximus [google][1] eros non diam molestie vulputate. Phasellus commodo convallis nisi at dapibus. Aliquam erat volutpat. Donec eleifend felis magna, eget laoreet quam feugiat vel. Quisque et nunc pulvinar eros facilisis vulputate vel vitae ipsum. Maecenas viverra quam at nisl malesuada, vitae facilisis quam luctus. Sed lorem felis, pellentesque sit amet vulputate quis, rhoncus nec purus. Maecenas a tellus elit.
===cut===
    print(''hello'');
    print(''world'');
    return 0;

Nam molestie commodo quam eu cursus. In aliquam justo ut dui fermentum gravida. Etiam dignissim quam ante, ut lacinia nisl facilisis eu. Curabitur scelerisque tellus nec odio viverra fringilla. Vivamus justo quam, sagittis eu lacus in, ultrices aliquet quam. Aliquam efficitur mattis lacus, et imperdiet ex pellentesque ut. Mauris ac eros auctor, fringilla leo at, mollis turpis. Nulla eget arcu at augue placerat cursus. Donec quis varius turpis, non ultricies sem.

> Sed in luctus ligula. Pellentesque dapibus feugiat tempus.
> Pellentesque mollis cursus nulla ac aliquam. In tristique laoreet
> arcu, non vehicula ipsum imperdiet id. Nunc ut sollicitudin risus.
> Vivamus feugiat sodales lacus id varius. Curabitur lobortis libero a
> justo feugiat, quis rutrum tellus gravida. Integer dictum risus sed
> sem tincidunt, vel blandit sapien porta. Vestibulum at sapien ut neque
> blandit dapibus sed vel dolor. Vivamus rutrum, velit et faucibus
> sollicitudin, elit turpis porta nunc, a dictum lectus est at ipsum.

Lorem ipsum dolor sit amet, consectetur adipiscing elit. Nullam vehicula ipsum eget lorem bibendum, a dignissim dui vestibulum. Duis aliquet dignissim ultricies. Vestibulum id diam at eros lacinia dapibus. Donec posuere felis ac leo tempor varius. Nullam interdum nibh sit amet lacinia laoreet. Quisque maximus eros non diam molestie vulputate. Phasellus commodo convallis nisi at dapibus. Aliquam erat volutpat. Donec eleifend felis magna, eget laoreet quam feugiat vel. Quisque et nunc pulvinar eros facilisis vulputate vel vitae ipsum. Maecenas viverra quam at nisl malesuada, vitae facilisis quam luctus. Sed lorem felis, pellentesque sit amet vulputate quis, rhoncus nec purus. Maecenas a tellus elit.

Nam molestie commodo quam eu cursus. In aliquam justo ut dui fermentum gravida. Etiam dignissim quam ante, ut lacinia nisl facilisis eu. Curabitur scelerisque tellus nec odio viverra fringilla. Vivamus justo quam, sagittis eu lacus in, ultrices aliquet quam. Aliquam efficitur mattis lacus, et imperdiet ex pellentesque ut. Mauris ac eros auctor, fringilla leo at, mollis turpis. Nulla eget arcu at augue placerat cursus. Donec quis varius turpis, non ultricies sem.

Nullam maximus euismod quam, quis malesuada mauris sollicitudin volutpat. Praesent maximus luctus justo ullamcorper euismod. Donec congue nulla vitae diam porta aliquam. Aenean vulputate fringilla lacus eu suscipit. Donec sed volutpat velit, et congue est. Nam pulvinar faucibus sem, a suscipit erat. Morbi efficitur malesuada lorem, quis convallis ex sodales eget.


  [1]: http://google.com');

INSERT INTO posts_tags(post_id, tag_id) VALUES (43, 1);
INSERT INTO posts_tags(post_id, tag_id) VALUES (43, 2);
INSERT INTO posts_tags(post_id, tag_id) VALUES (43, 3);
INSERT INTO posts_tags(post_id, tag_id) VALUES (43, 4);
INSERT INTO posts_tags(post_id, tag_id) VALUES (43, 5);


INSERT INTO posts(Id, dateTime, hidden, title, shortTextPart, fullPostText) VALUES(44, '2015-03-22 10:10:31', 0, 'Meow', '', 'MEOW!

![cat][1]


  [1]: http://i.imgur.com/yrvkoZJ.jpg');

INSERT INTO posts_tags(post_id, tag_id) VALUES (44, 6);

INSERT INTO posts(Id, dateTime, hidden, title, shortTextPart, fullPostText) VALUES(45, '2015-03-22 17:57:31', 0, 'Meow', '', 'meow.

![enter image description here][1]


  [1]: http://i.imgur.com/WHqLxs1.jpg');

INSERT INTO posts_tags(post_id, tag_id) VALUES (45, 6);
INSERT INTO posts(Id, dateTime, hidden, title, shortTextPart, fullPostText) VALUES(46, '2015-03-22 19:14:31', 0, 'Hello post 46', '**Hello 46**

Lorem **ipsum** *dolor* sit amet, consectetur adipiscing elit. Nullam vehicula ipsum eget lorem bibendum, a dignissim dui vestibulum. Duis aliquet dignissim ultricies. Vestibulum id diam at eros lacinia dapibus. Donec posuere felis ac leo tempor varius. Nullam interdum nibh sit amet lacinia laoreet. Quisque maximus [google][1] eros non diam molestie vulputate. Phasellus commodo convallis nisi at dapibus. Aliquam erat volutpat. Donec eleifend felis magna, eget laoreet quam feugiat vel. Quisque et nunc pulvinar eros facilisis vulputate vel vitae ipsum. Maecenas viverra quam at nisl malesuada, vitae facilisis quam luctus. Sed lorem felis, pellentesque sit amet vulputate quis, rhoncus nec purus. Maecenas a tellus elit.

  [1]: http://google.com',
'**Hello 46**

Lorem **ipsum** *dolor* sit amet, consectetur adipiscing elit. Nullam vehicula ipsum eget lorem bibendum, a dignissim dui vestibulum. Duis aliquet dignissim ultricies. Vestibulum id diam at eros lacinia dapibus. Donec posuere felis ac leo tempor varius. Nullam interdum nibh sit amet lacinia laoreet. Quisque maximus [google][1] eros non diam molestie vulputate. Phasellus commodo convallis nisi at dapibus. Aliquam erat volutpat. Donec eleifend felis magna, eget laoreet quam feugiat vel. Quisque et nunc pulvinar eros facilisis vulputate vel vitae ipsum. Maecenas viverra quam at nisl malesuada, vitae facilisis quam luctus. Sed lorem felis, pellentesque sit amet vulputate quis, rhoncus nec purus. Maecenas a tellus elit.
===cut===
    print(''hello'');
    print(''world'');
    return 0;

Nam molestie commodo quam eu cursus. In aliquam justo ut dui fermentum gravida. Etiam dignissim quam ante, ut lacinia nisl facilisis eu. Curabitur scelerisque tellus nec odio viverra fringilla. Vivamus justo quam, sagittis eu lacus in, ultrices aliquet quam. Aliquam efficitur mattis lacus, et imperdiet ex pellentesque ut. Mauris ac eros auctor, fringilla leo at, mollis turpis. Nulla eget arcu at augue placerat cursus. Donec quis varius turpis, non ultricies sem.

> Sed in luctus ligula. Pellentesque dapibus feugiat tempus.
> Pellentesque mollis cursus nulla ac aliquam. In tristique laoreet
> arcu, non vehicula ipsum imperdiet id. Nunc ut sollicitudin risus.
> Vivamus feugiat sodales lacus id varius. Curabitur lobortis libero a
> justo feugiat, quis rutrum tellus gravida. Integer dictum risus sed
> sem tincidunt, vel blandit sapien porta. Vestibulum at sapien ut neque
> blandit dapibus sed vel dolor. Vivamus rutrum, velit et faucibus
> sollicitudin, elit turpis porta nunc, a dictum lectus est at ipsum.

Lorem ipsum dolor sit amet, consectetur adipiscing elit. Nullam vehicula ipsum eget lorem bibendum, a dignissim dui vestibulum. Duis aliquet dignissim ultricies. Vestibulum id diam at eros lacinia dapibus. Donec posuere felis ac leo tempor varius. Nullam interdum nibh sit amet lacinia laoreet. Quisque maximus eros non diam molestie vulputate. Phasellus commodo convallis nisi at dapibus. Aliquam erat volutpat. Donec eleifend felis magna, eget laoreet quam feugiat vel. Quisque et nunc pulvinar eros facilisis vulputate vel vitae ipsum. Maecenas viverra quam at nisl malesuada, vitae facilisis quam luctus. Sed lorem felis, pellentesque sit amet vulputate quis, rhoncus nec purus. Maecenas a tellus elit.

Nam molestie commodo quam eu cursus. In aliquam justo ut dui fermentum gravida. Etiam dignissim quam ante, ut lacinia nisl facilisis eu. Curabitur scelerisque tellus nec odio viverra fringilla. Vivamus justo quam, sagittis eu lacus in, ultrices aliquet quam. Aliquam efficitur mattis lacus, et imperdiet ex pellentesque ut. Mauris ac eros auctor, fringilla leo at, mollis turpis. Nulla eget arcu at augue placerat cursus. Donec quis varius turpis, non ultricies sem.

Nullam maximus euismod quam, quis malesuada mauris sollicitudin volutpat. Praesent maximus luctus justo ullamcorper euismod. Donec congue nulla vitae diam porta aliquam. Aenean vulputate fringilla lacus eu suscipit. Donec sed volutpat velit, et congue est. Nam pulvinar faucibus sem, a suscipit erat. Morbi efficitur malesuada lorem, quis convallis ex sodales eget.


  [1]: http://google.com');

INSERT INTO posts_tags(post_id, tag_id) VALUES (46, 1);
INSERT INTO posts_tags(post_id, tag_id) VALUES (46, 2);
INSERT INTO posts_tags(post_id, tag_id) VALUES (46, 3);
INSERT INTO posts_tags(post_id, tag_id) VALUES (46, 4);
INSERT INTO posts_tags(post_id, tag_id) VALUES (46, 5);


INSERT INTO posts(Id, dateTime, hidden, title, shortTextPart, fullPostText) VALUES(47, '2015-03-22 22:26:31', 0, 'Meow', '', 'MEOW!

![cat][1]


  [1]: http://i.imgur.com/yrvkoZJ.jpg');

INSERT INTO posts_tags(post_id, tag_id) VALUES (47, 6);

INSERT INTO posts(Id, dateTime, hidden, title, shortTextPart, fullPostText) VALUES(48, '2015-03-23 06:03:31', 0, 'Meow', '', 'meow.

![enter image description here][1]


  [1]: http://i.imgur.com/WHqLxs1.jpg');

INSERT INTO posts_tags(post_id, tag_id) VALUES (48, 6);
INSERT INTO posts(Id, dateTime, hidden, title, shortTextPart, fullPostText) VALUES(49, '2015-03-23 14:33:31', 0, 'Hello post 49', '**Hello 49**

Lorem **ipsum** *dolor* sit amet, consectetur adipiscing elit. Nullam vehicula ipsum eget lorem bibendum, a dignissim dui vestibulum. Duis aliquet dignissim ultricies. Vestibulum id diam at eros lacinia dapibus. Donec posuere felis ac leo tempor varius. Nullam interdum nibh sit amet lacinia laoreet. Quisque maximus [google][1] eros non diam molestie vulputate. Phasellus commodo convallis nisi at dapibus. Aliquam erat volutpat. Donec eleifend felis magna, eget laoreet quam feugiat vel. Quisque et nunc pulvinar eros facilisis vulputate vel vitae ipsum. Maecenas viverra quam at nisl malesuada, vitae facilisis quam luctus. Sed lorem felis, pellentesque sit amet vulputate quis, rhoncus nec purus. Maecenas a tellus elit.

  [1]: http://google.com',
'**Hello 49**

Lorem **ipsum** *dolor* sit amet, consectetur adipiscing elit. Nullam vehicula ipsum eget lorem bibendum, a dignissim dui vestibulum. Duis aliquet dignissim ultricies. Vestibulum id diam at eros lacinia dapibus. Donec posuere felis ac leo tempor varius. Nullam interdum nibh sit amet lacinia laoreet. Quisque maximus [google][1] eros non diam molestie vulputate. Phasellus commodo convallis nisi at dapibus. Aliquam erat volutpat. Donec eleifend felis magna, eget laoreet quam feugiat vel. Quisque et nunc pulvinar eros facilisis vulputate vel vitae ipsum. Maecenas viverra quam at nisl malesuada, vitae facilisis quam luctus. Sed lorem felis, pellentesque sit amet vulputate quis, rhoncus nec purus. Maecenas a tellus elit.
===cut===
    print(''hello'');
    print(''world'');
    return 0;

Nam molestie commodo quam eu cursus. In aliquam justo ut dui fermentum gravida. Etiam dignissim quam ante, ut lacinia nisl facilisis eu. Curabitur scelerisque tellus nec odio viverra fringilla. Vivamus justo quam, sagittis eu lacus in, ultrices aliquet quam. Aliquam efficitur mattis lacus, et imperdiet ex pellentesque ut. Mauris ac eros auctor, fringilla leo at, mollis turpis. Nulla eget arcu at augue placerat cursus. Donec quis varius turpis, non ultricies sem.

> Sed in luctus ligula. Pellentesque dapibus feugiat tempus.
> Pellentesque mollis cursus nulla ac aliquam. In tristique laoreet
> arcu, non vehicula ipsum imperdiet id. Nunc ut sollicitudin risus.
> Vivamus feugiat sodales lacus id varius. Curabitur lobortis libero a
> justo feugiat, quis rutrum tellus gravida. Integer dictum risus sed
> sem tincidunt, vel blandit sapien porta. Vestibulum at sapien ut neque
> blandit dapibus sed vel dolor. Vivamus rutrum, velit et faucibus
> sollicitudin, elit turpis porta nunc, a dictum lectus est at ipsum.

Lorem ipsum dolor sit amet, consectetur adipiscing elit. Nullam vehicula ipsum eget lorem bibendum, a dignissim dui vestibulum. Duis aliquet dignissim ultricies. Vestibulum id diam at eros lacinia dapibus. Donec posuere felis ac leo tempor varius. Nullam interdum nibh sit amet lacinia laoreet. Quisque maximus eros non diam molestie vulputate. Phasellus commodo convallis nisi at dapibus. Aliquam erat volutpat. Donec eleifend felis magna, eget laoreet quam feugiat vel. Quisque et nunc pulvinar eros facilisis vulputate vel vitae ipsum. Maecenas viverra quam at nisl malesuada, vitae facilisis quam luctus. Sed lorem felis, pellentesque sit amet vulputate quis, rhoncus nec purus. Maecenas a tellus elit.

Nam molestie commodo quam eu cursus. In aliquam justo ut dui fermentum gravida. Etiam dignissim quam ante, ut lacinia nisl facilisis eu. Curabitur scelerisque tellus nec odio viverra fringilla. Vivamus justo quam, sagittis eu lacus in, ultrices aliquet quam. Aliquam efficitur mattis lacus, et imperdiet ex pellentesque ut. Mauris ac eros auctor, fringilla leo at, mollis turpis. Nulla eget arcu at augue placerat cursus. Donec quis varius turpis, non ultricies sem.

Nullam maximus euismod quam, quis malesuada mauris sollicitudin volutpat. Praesent maximus luctus justo ullamcorper euismod. Donec congue nulla vitae diam porta aliquam. Aenean vulputate fringilla lacus eu suscipit. Donec sed volutpat velit, et congue est. Nam pulvinar faucibus sem, a suscipit erat. Morbi efficitur malesuada lorem, quis convallis ex sodales eget.


  [1]: http://google.com');

INSERT INTO posts_tags(post_id, tag_id) VALUES (49, 1);
INSERT INTO posts_tags(post_id, tag_id) VALUES (49, 2);
INSERT INTO posts_tags(post_id, tag_id) VALUES (49, 3);
INSERT INTO posts_tags(post_id, tag_id) VALUES (49, 4);
INSERT INTO posts_tags(post_id, tag_id) VALUES (49, 5);


INSERT INTO posts(Id, dateTime, hidden, title, shortTextPart, fullPostText) VALUES(50, '2015-03-24 02:53:31', 0, 'Meow', '', 'MEOW!

![cat][1]


  [1]: http://i.imgur.com/yrvkoZJ.jpg');

INSERT INTO posts_tags(post_id, tag_id) VALUES (50, 6);

INSERT INTO posts(Id, dateTime, hidden, title, shortTextPart, fullPostText) VALUES(51, '2015-03-24 05:03:31', 0, 'Meow', '', 'meow.

![enter image description here][1]


  [1]: http://i.imgur.com/WHqLxs1.jpg');

INSERT INTO posts_tags(post_id, tag_id) VALUES (51, 6);
INSERT INTO posts(Id, dateTime, hidden, title, shortTextPart, fullPostText) VALUES(52, '2015-03-24 18:18:31', 0, 'Hello post 52', '**Hello 52**

Lorem **ipsum** *dolor* sit amet, consectetur adipiscing elit. Nullam vehicula ipsum eget lorem bibendum, a dignissim dui vestibulum. Duis aliquet dignissim ultricies. Vestibulum id diam at eros lacinia dapibus. Donec posuere felis ac leo tempor varius. Nullam interdum nibh sit amet lacinia laoreet. Quisque maximus [google][1] eros non diam molestie vulputate. Phasellus commodo convallis nisi at dapibus. Aliquam erat volutpat. Donec eleifend felis magna, eget laoreet quam feugiat vel. Quisque et nunc pulvinar eros facilisis vulputate vel vitae ipsum. Maecenas viverra quam at nisl malesuada, vitae facilisis quam luctus. Sed lorem felis, pellentesque sit amet vulputate quis, rhoncus nec purus. Maecenas a tellus elit.

  [1]: http://google.com',
'**Hello 52**

Lorem **ipsum** *dolor* sit amet, consectetur adipiscing elit. Nullam vehicula ipsum eget lorem bibendum, a dignissim dui vestibulum. Duis aliquet dignissim ultricies. Vestibulum id diam at eros lacinia dapibus. Donec posuere felis ac leo tempor varius. Nullam interdum nibh sit amet lacinia laoreet. Quisque maximus [google][1] eros non diam molestie vulputate. Phasellus commodo convallis nisi at dapibus. Aliquam erat volutpat. Donec eleifend felis magna, eget laoreet quam feugiat vel. Quisque et nunc pulvinar eros facilisis vulputate vel vitae ipsum. Maecenas viverra quam at nisl malesuada, vitae facilisis quam luctus. Sed lorem felis, pellentesque sit amet vulputate quis, rhoncus nec purus. Maecenas a tellus elit.
===cut===
    print(''hello'');
    print(''world'');
    return 0;

Nam molestie commodo quam eu cursus. In aliquam justo ut dui fermentum gravida. Etiam dignissim quam ante, ut lacinia nisl facilisis eu. Curabitur scelerisque tellus nec odio viverra fringilla. Vivamus justo quam, sagittis eu lacus in, ultrices aliquet quam. Aliquam efficitur mattis lacus, et imperdiet ex pellentesque ut. Mauris ac eros auctor, fringilla leo at, mollis turpis. Nulla eget arcu at augue placerat cursus. Donec quis varius turpis, non ultricies sem.

> Sed in luctus ligula. Pellentesque dapibus feugiat tempus.
> Pellentesque mollis cursus nulla ac aliquam. In tristique laoreet
> arcu, non vehicula ipsum imperdiet id. Nunc ut sollicitudin risus.
> Vivamus feugiat sodales lacus id varius. Curabitur lobortis libero a
> justo feugiat, quis rutrum tellus gravida. Integer dictum risus sed
> sem tincidunt, vel blandit sapien porta. Vestibulum at sapien ut neque
> blandit dapibus sed vel dolor. Vivamus rutrum, velit et faucibus
> sollicitudin, elit turpis porta nunc, a dictum lectus est at ipsum.

Lorem ipsum dolor sit amet, consectetur adipiscing elit. Nullam vehicula ipsum eget lorem bibendum, a dignissim dui vestibulum. Duis aliquet dignissim ultricies. Vestibulum id diam at eros lacinia dapibus. Donec posuere felis ac leo tempor varius. Nullam interdum nibh sit amet lacinia laoreet. Quisque maximus eros non diam molestie vulputate. Phasellus commodo convallis nisi at dapibus. Aliquam erat volutpat. Donec eleifend felis magna, eget laoreet quam feugiat vel. Quisque et nunc pulvinar eros facilisis vulputate vel vitae ipsum. Maecenas viverra quam at nisl malesuada, vitae facilisis quam luctus. Sed lorem felis, pellentesque sit amet vulputate quis, rhoncus nec purus. Maecenas a tellus elit.

Nam molestie commodo quam eu cursus. In aliquam justo ut dui fermentum gravida. Etiam dignissim quam ante, ut lacinia nisl facilisis eu. Curabitur scelerisque tellus nec odio viverra fringilla. Vivamus justo quam, sagittis eu lacus in, ultrices aliquet quam. Aliquam efficitur mattis lacus, et imperdiet ex pellentesque ut. Mauris ac eros auctor, fringilla leo at, mollis turpis. Nulla eget arcu at augue placerat cursus. Donec quis varius turpis, non ultricies sem.

Nullam maximus euismod quam, quis malesuada mauris sollicitudin volutpat. Praesent maximus luctus justo ullamcorper euismod. Donec congue nulla vitae diam porta aliquam. Aenean vulputate fringilla lacus eu suscipit. Donec sed volutpat velit, et congue est. Nam pulvinar faucibus sem, a suscipit erat. Morbi efficitur malesuada lorem, quis convallis ex sodales eget.


  [1]: http://google.com');

INSERT INTO posts_tags(post_id, tag_id) VALUES (52, 1);
INSERT INTO posts_tags(post_id, tag_id) VALUES (52, 2);
INSERT INTO posts_tags(post_id, tag_id) VALUES (52, 3);
INSERT INTO posts_tags(post_id, tag_id) VALUES (52, 4);
INSERT INTO posts_tags(post_id, tag_id) VALUES (52, 5);


INSERT INTO posts(Id, dateTime, hidden, title, shortTextPart, fullPostText) VALUES(53, '2015-03-24 21:33:31', 0, 'Meow', '', 'MEOW!

![cat][1]


  [1]: http://i.imgur.com/yrvkoZJ.jpg');

INSERT INTO posts_tags(post_id, tag_id) VALUES (53, 6);

INSERT INTO posts(Id, dateTime, hidden, title, shortTextPart, fullPostText) VALUES(54, '2015-03-25 12:08:31', 0, 'Meow', '', 'meow.

![enter image description here][1]


  [1]: http://i.imgur.com/WHqLxs1.jpg');

INSERT INTO posts_tags(post_id, tag_id) VALUES (54, 6);
INSERT INTO posts(Id, dateTime, hidden, title, shortTextPart, fullPostText) VALUES(55, '2015-03-25 14:35:31', 0, 'Hello post 55', '**Hello 55**

Lorem **ipsum** *dolor* sit amet, consectetur adipiscing elit. Nullam vehicula ipsum eget lorem bibendum, a dignissim dui vestibulum. Duis aliquet dignissim ultricies. Vestibulum id diam at eros lacinia dapibus. Donec posuere felis ac leo tempor varius. Nullam interdum nibh sit amet lacinia laoreet. Quisque maximus [google][1] eros non diam molestie vulputate. Phasellus commodo convallis nisi at dapibus. Aliquam erat volutpat. Donec eleifend felis magna, eget laoreet quam feugiat vel. Quisque et nunc pulvinar eros facilisis vulputate vel vitae ipsum. Maecenas viverra quam at nisl malesuada, vitae facilisis quam luctus. Sed lorem felis, pellentesque sit amet vulputate quis, rhoncus nec purus. Maecenas a tellus elit.

  [1]: http://google.com',
'**Hello 55**

Lorem **ipsum** *dolor* sit amet, consectetur adipiscing elit. Nullam vehicula ipsum eget lorem bibendum, a dignissim dui vestibulum. Duis aliquet dignissim ultricies. Vestibulum id diam at eros lacinia dapibus. Donec posuere felis ac leo tempor varius. Nullam interdum nibh sit amet lacinia laoreet. Quisque maximus [google][1] eros non diam molestie vulputate. Phasellus commodo convallis nisi at dapibus. Aliquam erat volutpat. Donec eleifend felis magna, eget laoreet quam feugiat vel. Quisque et nunc pulvinar eros facilisis vulputate vel vitae ipsum. Maecenas viverra quam at nisl malesuada, vitae facilisis quam luctus. Sed lorem felis, pellentesque sit amet vulputate quis, rhoncus nec purus. Maecenas a tellus elit.
===cut===
    print(''hello'');
    print(''world'');
    return 0;

Nam molestie commodo quam eu cursus. In aliquam justo ut dui fermentum gravida. Etiam dignissim quam ante, ut lacinia nisl facilisis eu. Curabitur scelerisque tellus nec odio viverra fringilla. Vivamus justo quam, sagittis eu lacus in, ultrices aliquet quam. Aliquam efficitur mattis lacus, et imperdiet ex pellentesque ut. Mauris ac eros auctor, fringilla leo at, mollis turpis. Nulla eget arcu at augue placerat cursus. Donec quis varius turpis, non ultricies sem.

> Sed in luctus ligula. Pellentesque dapibus feugiat tempus.
> Pellentesque mollis cursus nulla ac aliquam. In tristique laoreet
> arcu, non vehicula ipsum imperdiet id. Nunc ut sollicitudin risus.
> Vivamus feugiat sodales lacus id varius. Curabitur lobortis libero a
> justo feugiat, quis rutrum tellus gravida. Integer dictum risus sed
> sem tincidunt, vel blandit sapien porta. Vestibulum at sapien ut neque
> blandit dapibus sed vel dolor. Vivamus rutrum, velit et faucibus
> sollicitudin, elit turpis porta nunc, a dictum lectus est at ipsum.

Lorem ipsum dolor sit amet, consectetur adipiscing elit. Nullam vehicula ipsum eget lorem bibendum, a dignissim dui vestibulum. Duis aliquet dignissim ultricies. Vestibulum id diam at eros lacinia dapibus. Donec posuere felis ac leo tempor varius. Nullam interdum nibh sit amet lacinia laoreet. Quisque maximus eros non diam molestie vulputate. Phasellus commodo convallis nisi at dapibus. Aliquam erat volutpat. Donec eleifend felis magna, eget laoreet quam feugiat vel. Quisque et nunc pulvinar eros facilisis vulputate vel vitae ipsum. Maecenas viverra quam at nisl malesuada, vitae facilisis quam luctus. Sed lorem felis, pellentesque sit amet vulputate quis, rhoncus nec purus. Maecenas a tellus elit.

Nam molestie commodo quam eu cursus. In aliquam justo ut dui fermentum gravida. Etiam dignissim quam ante, ut lacinia nisl facilisis eu. Curabitur scelerisque tellus nec odio viverra fringilla. Vivamus justo quam, sagittis eu lacus in, ultrices aliquet quam. Aliquam efficitur mattis lacus, et imperdiet ex pellentesque ut. Mauris ac eros auctor, fringilla leo at, mollis turpis. Nulla eget arcu at augue placerat cursus. Donec quis varius turpis, non ultricies sem.

Nullam maximus euismod quam, quis malesuada mauris sollicitudin volutpat. Praesent maximus luctus justo ullamcorper euismod. Donec congue nulla vitae diam porta aliquam. Aenean vulputate fringilla lacus eu suscipit. Donec sed volutpat velit, et congue est. Nam pulvinar faucibus sem, a suscipit erat. Morbi efficitur malesuada lorem, quis convallis ex sodales eget.


  [1]: http://google.com');

INSERT INTO posts_tags(post_id, tag_id) VALUES (55, 1);
INSERT INTO posts_tags(post_id, tag_id) VALUES (55, 2);
INSERT INTO posts_tags(post_id, tag_id) VALUES (55, 3);
INSERT INTO posts_tags(post_id, tag_id) VALUES (55, 4);
INSERT INTO posts_tags(post_id, tag_id) VALUES (55, 5);


INSERT INTO posts(Id, dateTime, hidden, title, shortTextPart, fullPostText) VALUES(56, '2015-03-25 20:46:31', 0, 'Meow', '', 'MEOW!

![cat][1]


  [1]: http://i.imgur.com/yrvkoZJ.jpg');

INSERT INTO posts_tags(post_id, tag_id) VALUES (56, 6);

INSERT INTO posts(Id, dateTime, hidden, title, shortTextPart, fullPostText) VALUES(57, '2015-03-26 05:23:31', 0, 'Meow', '', 'meow.

![enter image description here][1]


  [1]: http://i.imgur.com/WHqLxs1.jpg');

INSERT INTO posts_tags(post_id, tag_id) VALUES (57, 6);
INSERT INTO posts(Id, dateTime, hidden, title, shortTextPart, fullPostText) VALUES(58, '2015-03-26 15:40:31', 0, 'Hello post 58', '**Hello 58**

Lorem **ipsum** *dolor* sit amet, consectetur adipiscing elit. Nullam vehicula ipsum eget lorem bibendum, a dignissim dui vestibulum. Duis aliquet dignissim ultricies. Vestibulum id diam at eros lacinia dapibus. Donec posuere felis ac leo tempor varius. Nullam interdum nibh sit amet lacinia laoreet. Quisque maximus [google][1] eros non diam molestie vulputate. Phasellus commodo convallis nisi at dapibus. Aliquam erat volutpat. Donec eleifend felis magna, eget laoreet quam feugiat vel. Quisque et nunc pulvinar eros facilisis vulputate vel vitae ipsum. Maecenas viverra quam at nisl malesuada, vitae facilisis quam luctus. Sed lorem felis, pellentesque sit amet vulputate quis, rhoncus nec purus. Maecenas a tellus elit.

  [1]: http://google.com',
'**Hello 58**

Lorem **ipsum** *dolor* sit amet, consectetur adipiscing elit. Nullam vehicula ipsum eget lorem bibendum, a dignissim dui vestibulum. Duis aliquet dignissim ultricies. Vestibulum id diam at eros lacinia dapibus. Donec posuere felis ac leo tempor varius. Nullam interdum nibh sit amet lacinia laoreet. Quisque maximus [google][1] eros non diam molestie vulputate. Phasellus commodo convallis nisi at dapibus. Aliquam erat volutpat. Donec eleifend felis magna, eget laoreet quam feugiat vel. Quisque et nunc pulvinar eros facilisis vulputate vel vitae ipsum. Maecenas viverra quam at nisl malesuada, vitae facilisis quam luctus. Sed lorem felis, pellentesque sit amet vulputate quis, rhoncus nec purus. Maecenas a tellus elit.
===cut===
    print(''hello'');
    print(''world'');
    return 0;

Nam molestie commodo quam eu cursus. In aliquam justo ut dui fermentum gravida. Etiam dignissim quam ante, ut lacinia nisl facilisis eu. Curabitur scelerisque tellus nec odio viverra fringilla. Vivamus justo quam, sagittis eu lacus in, ultrices aliquet quam. Aliquam efficitur mattis lacus, et imperdiet ex pellentesque ut. Mauris ac eros auctor, fringilla leo at, mollis turpis. Nulla eget arcu at augue placerat cursus. Donec quis varius turpis, non ultricies sem.

> Sed in luctus ligula. Pellentesque dapibus feugiat tempus.
> Pellentesque mollis cursus nulla ac aliquam. In tristique laoreet
> arcu, non vehicula ipsum imperdiet id. Nunc ut sollicitudin risus.
> Vivamus feugiat sodales lacus id varius. Curabitur lobortis libero a
> justo feugiat, quis rutrum tellus gravida. Integer dictum risus sed
> sem tincidunt, vel blandit sapien porta. Vestibulum at sapien ut neque
> blandit dapibus sed vel dolor. Vivamus rutrum, velit et faucibus
> sollicitudin, elit turpis porta nunc, a dictum lectus est at ipsum.

Lorem ipsum dolor sit amet, consectetur adipiscing elit. Nullam vehicula ipsum eget lorem bibendum, a dignissim dui vestibulum. Duis aliquet dignissim ultricies. Vestibulum id diam at eros lacinia dapibus. Donec posuere felis ac leo tempor varius. Nullam interdum nibh sit amet lacinia laoreet. Quisque maximus eros non diam molestie vulputate. Phasellus commodo convallis nisi at dapibus. Aliquam erat volutpat. Donec eleifend felis magna, eget laoreet quam feugiat vel. Quisque et nunc pulvinar eros facilisis vulputate vel vitae ipsum. Maecenas viverra quam at nisl malesuada, vitae facilisis quam luctus. Sed lorem felis, pellentesque sit amet vulputate quis, rhoncus nec purus. Maecenas a tellus elit.

Nam molestie commodo quam eu cursus. In aliquam justo ut dui fermentum gravida. Etiam dignissim quam ante, ut lacinia nisl facilisis eu. Curabitur scelerisque tellus nec odio viverra fringilla. Vivamus justo quam, sagittis eu lacus in, ultrices aliquet quam. Aliquam efficitur mattis lacus, et imperdiet ex pellentesque ut. Mauris ac eros auctor, fringilla leo at, mollis turpis. Nulla eget arcu at augue placerat cursus. Donec quis varius turpis, non ultricies sem.

Nullam maximus euismod quam, quis malesuada mauris sollicitudin volutpat. Praesent maximus luctus justo ullamcorper euismod. Donec congue nulla vitae diam porta aliquam. Aenean vulputate fringilla lacus eu suscipit. Donec sed volutpat velit, et congue est. Nam pulvinar faucibus sem, a suscipit erat. Morbi efficitur malesuada lorem, quis convallis ex sodales eget.


  [1]: http://google.com');

INSERT INTO posts_tags(post_id, tag_id) VALUES (58, 1);
INSERT INTO posts_tags(post_id, tag_id) VALUES (58, 2);
INSERT INTO posts_tags(post_id, tag_id) VALUES (58, 3);
INSERT INTO posts_tags(post_id, tag_id) VALUES (58, 4);
INSERT INTO posts_tags(post_id, tag_id) VALUES (58, 5);


INSERT INTO posts(Id, dateTime, hidden, title, shortTextPart, fullPostText) VALUES(59, '2015-03-26 17:19:31', 0, 'Meow', '', 'MEOW!

![cat][1]


  [1]: http://i.imgur.com/yrvkoZJ.jpg');

INSERT INTO posts_tags(post_id, tag_id) VALUES (59, 6);

INSERT INTO posts(Id, dateTime, hidden, title, shortTextPart, fullPostText) VALUES(60, '2015-03-26 23:00:31', 0, 'Meow', '', 'meow.

![enter image description here][1]


  [1]: http://i.imgur.com/WHqLxs1.jpg');

INSERT INTO posts_tags(post_id, tag_id) VALUES (60, 6);
INSERT INTO posts(Id, dateTime, hidden, title, shortTextPart, fullPostText) VALUES(61, '2015-03-26 23:22:31', 0, 'Hello post 61', '**Hello 61**

Lorem **ipsum** *dolor* sit amet, consectetur adipiscing elit. Nullam vehicula ipsum eget lorem bibendum, a dignissim dui vestibulum. Duis aliquet dignissim ultricies. Vestibulum id diam at eros lacinia dapibus. Donec posuere felis ac leo tempor varius. Nullam interdum nibh sit amet lacinia laoreet. Quisque maximus [google][1] eros non diam molestie vulputate. Phasellus commodo convallis nisi at dapibus. Aliquam erat volutpat. Donec eleifend felis magna, eget laoreet quam feugiat vel. Quisque et nunc pulvinar eros facilisis vulputate vel vitae ipsum. Maecenas viverra quam at nisl malesuada, vitae facilisis quam luctus. Sed lorem felis, pellentesque sit amet vulputate quis, rhoncus nec purus. Maecenas a tellus elit.

  [1]: http://google.com',
'**Hello 61**

Lorem **ipsum** *dolor* sit amet, consectetur adipiscing elit. Nullam vehicula ipsum eget lorem bibendum, a dignissim dui vestibulum. Duis aliquet dignissim ultricies. Vestibulum id diam at eros lacinia dapibus. Donec posuere felis ac leo tempor varius. Nullam interdum nibh sit amet lacinia laoreet. Quisque maximus [google][1] eros non diam molestie vulputate. Phasellus commodo convallis nisi at dapibus. Aliquam erat volutpat. Donec eleifend felis magna, eget laoreet quam feugiat vel. Quisque et nunc pulvinar eros facilisis vulputate vel vitae ipsum. Maecenas viverra quam at nisl malesuada, vitae facilisis quam luctus. Sed lorem felis, pellentesque sit amet vulputate quis, rhoncus nec purus. Maecenas a tellus elit.
===cut===
    print(''hello'');
    print(''world'');
    return 0;

Nam molestie commodo quam eu cursus. In aliquam justo ut dui fermentum gravida. Etiam dignissim quam ante, ut lacinia nisl facilisis eu. Curabitur scelerisque tellus nec odio viverra fringilla. Vivamus justo quam, sagittis eu lacus in, ultrices aliquet quam. Aliquam efficitur mattis lacus, et imperdiet ex pellentesque ut. Mauris ac eros auctor, fringilla leo at, mollis turpis. Nulla eget arcu at augue placerat cursus. Donec quis varius turpis, non ultricies sem.

> Sed in luctus ligula. Pellentesque dapibus feugiat tempus.
> Pellentesque mollis cursus nulla ac aliquam. In tristique laoreet
> arcu, non vehicula ipsum imperdiet id. Nunc ut sollicitudin risus.
> Vivamus feugiat sodales lacus id varius. Curabitur lobortis libero a
> justo feugiat, quis rutrum tellus gravida. Integer dictum risus sed
> sem tincidunt, vel blandit sapien porta. Vestibulum at sapien ut neque
> blandit dapibus sed vel dolor. Vivamus rutrum, velit et faucibus
> sollicitudin, elit turpis porta nunc, a dictum lectus est at ipsum.

Lorem ipsum dolor sit amet, consectetur adipiscing elit. Nullam vehicula ipsum eget lorem bibendum, a dignissim dui vestibulum. Duis aliquet dignissim ultricies. Vestibulum id diam at eros lacinia dapibus. Donec posuere felis ac leo tempor varius. Nullam interdum nibh sit amet lacinia laoreet. Quisque maximus eros non diam molestie vulputate. Phasellus commodo convallis nisi at dapibus. Aliquam erat volutpat. Donec eleifend felis magna, eget laoreet quam feugiat vel. Quisque et nunc pulvinar eros facilisis vulputate vel vitae ipsum. Maecenas viverra quam at nisl malesuada, vitae facilisis quam luctus. Sed lorem felis, pellentesque sit amet vulputate quis, rhoncus nec purus. Maecenas a tellus elit.

Nam molestie commodo quam eu cursus. In aliquam justo ut dui fermentum gravida. Etiam dignissim quam ante, ut lacinia nisl facilisis eu. Curabitur scelerisque tellus nec odio viverra fringilla. Vivamus justo quam, sagittis eu lacus in, ultrices aliquet quam. Aliquam efficitur mattis lacus, et imperdiet ex pellentesque ut. Mauris ac eros auctor, fringilla leo at, mollis turpis. Nulla eget arcu at augue placerat cursus. Donec quis varius turpis, non ultricies sem.

Nullam maximus euismod quam, quis malesuada mauris sollicitudin volutpat. Praesent maximus luctus justo ullamcorper euismod. Donec congue nulla vitae diam porta aliquam. Aenean vulputate fringilla lacus eu suscipit. Donec sed volutpat velit, et congue est. Nam pulvinar faucibus sem, a suscipit erat. Morbi efficitur malesuada lorem, quis convallis ex sodales eget.


  [1]: http://google.com');

INSERT INTO posts_tags(post_id, tag_id) VALUES (61, 1);
INSERT INTO posts_tags(post_id, tag_id) VALUES (61, 2);
INSERT INTO posts_tags(post_id, tag_id) VALUES (61, 3);
INSERT INTO posts_tags(post_id, tag_id) VALUES (61, 4);
INSERT INTO posts_tags(post_id, tag_id) VALUES (61, 5);


INSERT INTO posts(Id, dateTime, hidden, title, shortTextPart, fullPostText) VALUES(62, '2015-03-27 09:35:31', 0, 'Meow', '', 'MEOW!

![cat][1]


  [1]: http://i.imgur.com/yrvkoZJ.jpg');

INSERT INTO posts_tags(post_id, tag_id) VALUES (62, 6);

INSERT INTO posts(Id, dateTime, hidden, title, shortTextPart, fullPostText) VALUES(63, '2015-03-27 20:22:31', 0, 'Meow', '', 'meow.

![enter image description here][1]


  [1]: http://i.imgur.com/WHqLxs1.jpg');

INSERT INTO posts_tags(post_id, tag_id) VALUES (63, 6);
INSERT INTO posts(Id, dateTime, hidden, title, shortTextPart, fullPostText) VALUES(64, '2015-03-28 10:11:31', 0, 'Hello post 64', '**Hello 64**

Lorem **ipsum** *dolor* sit amet, consectetur adipiscing elit. Nullam vehicula ipsum eget lorem bibendum, a dignissim dui vestibulum. Duis aliquet dignissim ultricies. Vestibulum id diam at eros lacinia dapibus. Donec posuere felis ac leo tempor varius. Nullam interdum nibh sit amet lacinia laoreet. Quisque maximus [google][1] eros non diam molestie vulputate. Phasellus commodo convallis nisi at dapibus. Aliquam erat volutpat. Donec eleifend felis magna, eget laoreet quam feugiat vel. Quisque et nunc pulvinar eros facilisis vulputate vel vitae ipsum. Maecenas viverra quam at nisl malesuada, vitae facilisis quam luctus. Sed lorem felis, pellentesque sit amet vulputate quis, rhoncus nec purus. Maecenas a tellus elit.

  [1]: http://google.com',
'**Hello 64**

Lorem **ipsum** *dolor* sit amet, consectetur adipiscing elit. Nullam vehicula ipsum eget lorem bibendum, a dignissim dui vestibulum. Duis aliquet dignissim ultricies. Vestibulum id diam at eros lacinia dapibus. Donec posuere felis ac leo tempor varius. Nullam interdum nibh sit amet lacinia laoreet. Quisque maximus [google][1] eros non diam molestie vulputate. Phasellus commodo convallis nisi at dapibus. Aliquam erat volutpat. Donec eleifend felis magna, eget laoreet quam feugiat vel. Quisque et nunc pulvinar eros facilisis vulputate vel vitae ipsum. Maecenas viverra quam at nisl malesuada, vitae facilisis quam luctus. Sed lorem felis, pellentesque sit amet vulputate quis, rhoncus nec purus. Maecenas a tellus elit.
===cut===
    print(''hello'');
    print(''world'');
    return 0;

Nam molestie commodo quam eu cursus. In aliquam justo ut dui fermentum gravida. Etiam dignissim quam ante, ut lacinia nisl facilisis eu. Curabitur scelerisque tellus nec odio viverra fringilla. Vivamus justo quam, sagittis eu lacus in, ultrices aliquet quam. Aliquam efficitur mattis lacus, et imperdiet ex pellentesque ut. Mauris ac eros auctor, fringilla leo at, mollis turpis. Nulla eget arcu at augue placerat cursus. Donec quis varius turpis, non ultricies sem.

> Sed in luctus ligula. Pellentesque dapibus feugiat tempus.
> Pellentesque mollis cursus nulla ac aliquam. In tristique laoreet
> arcu, non vehicula ipsum imperdiet id. Nunc ut sollicitudin risus.
> Vivamus feugiat sodales lacus id varius. Curabitur lobortis libero a
> justo feugiat, quis rutrum tellus gravida. Integer dictum risus sed
> sem tincidunt, vel blandit sapien porta. Vestibulum at sapien ut neque
> blandit dapibus sed vel dolor. Vivamus rutrum, velit et faucibus
> sollicitudin, elit turpis porta nunc, a dictum lectus est at ipsum.

Lorem ipsum dolor sit amet, consectetur adipiscing elit. Nullam vehicula ipsum eget lorem bibendum, a dignissim dui vestibulum. Duis aliquet dignissim ultricies. Vestibulum id diam at eros lacinia dapibus. Donec posuere felis ac leo tempor varius. Nullam interdum nibh sit amet lacinia laoreet. Quisque maximus eros non diam molestie vulputate. Phasellus commodo convallis nisi at dapibus. Aliquam erat volutpat. Donec eleifend felis magna, eget laoreet quam feugiat vel. Quisque et nunc pulvinar eros facilisis vulputate vel vitae ipsum. Maecenas viverra quam at nisl malesuada, vitae facilisis quam luctus. Sed lorem felis, pellentesque sit amet vulputate quis, rhoncus nec purus. Maecenas a tellus elit.

Nam molestie commodo quam eu cursus. In aliquam justo ut dui fermentum gravida. Etiam dignissim quam ante, ut lacinia nisl facilisis eu. Curabitur scelerisque tellus nec odio viverra fringilla. Vivamus justo quam, sagittis eu lacus in, ultrices aliquet quam. Aliquam efficitur mattis lacus, et imperdiet ex pellentesque ut. Mauris ac eros auctor, fringilla leo at, mollis turpis. Nulla eget arcu at augue placerat cursus. Donec quis varius turpis, non ultricies sem.

Nullam maximus euismod quam, quis malesuada mauris sollicitudin volutpat. Praesent maximus luctus justo ullamcorper euismod. Donec congue nulla vitae diam porta aliquam. Aenean vulputate fringilla lacus eu suscipit. Donec sed volutpat velit, et congue est. Nam pulvinar faucibus sem, a suscipit erat. Morbi efficitur malesuada lorem, quis convallis ex sodales eget.


  [1]: http://google.com');

INSERT INTO posts_tags(post_id, tag_id) VALUES (64, 1);
INSERT INTO posts_tags(post_id, tag_id) VALUES (64, 2);
INSERT INTO posts_tags(post_id, tag_id) VALUES (64, 3);
INSERT INTO posts_tags(post_id, tag_id) VALUES (64, 4);
INSERT INTO posts_tags(post_id, tag_id) VALUES (64, 5);


INSERT INTO posts(Id, dateTime, hidden, title, shortTextPart, fullPostText) VALUES(65, '2015-03-28 15:24:31', 0, 'Meow', '', 'MEOW!

![cat][1]


  [1]: http://i.imgur.com/yrvkoZJ.jpg');

INSERT INTO posts_tags(post_id, tag_id) VALUES (65, 6);

INSERT INTO posts(Id, dateTime, hidden, title, shortTextPart, fullPostText) VALUES(66, '2015-03-28 15:54:31', 0, 'Meow', '', 'meow.

![enter image description here][1]


  [1]: http://i.imgur.com/WHqLxs1.jpg');

INSERT INTO posts_tags(post_id, tag_id) VALUES (66, 6);
INSERT INTO posts(Id, dateTime, hidden, title, shortTextPart, fullPostText) VALUES(67, '2015-03-29 00:18:31', 0, 'Hello post 67', '**Hello 67**

Lorem **ipsum** *dolor* sit amet, consectetur adipiscing elit. Nullam vehicula ipsum eget lorem bibendum, a dignissim dui vestibulum. Duis aliquet dignissim ultricies. Vestibulum id diam at eros lacinia dapibus. Donec posuere felis ac leo tempor varius. Nullam interdum nibh sit amet lacinia laoreet. Quisque maximus [google][1] eros non diam molestie vulputate. Phasellus commodo convallis nisi at dapibus. Aliquam erat volutpat. Donec eleifend felis magna, eget laoreet quam feugiat vel. Quisque et nunc pulvinar eros facilisis vulputate vel vitae ipsum. Maecenas viverra quam at nisl malesuada, vitae facilisis quam luctus. Sed lorem felis, pellentesque sit amet vulputate quis, rhoncus nec purus. Maecenas a tellus elit.

  [1]: http://google.com',
'**Hello 67**

Lorem **ipsum** *dolor* sit amet, consectetur adipiscing elit. Nullam vehicula ipsum eget lorem bibendum, a dignissim dui vestibulum. Duis aliquet dignissim ultricies. Vestibulum id diam at eros lacinia dapibus. Donec posuere felis ac leo tempor varius. Nullam interdum nibh sit amet lacinia laoreet. Quisque maximus [google][1] eros non diam molestie vulputate. Phasellus commodo convallis nisi at dapibus. Aliquam erat volutpat. Donec eleifend felis magna, eget laoreet quam feugiat vel. Quisque et nunc pulvinar eros facilisis vulputate vel vitae ipsum. Maecenas viverra quam at nisl malesuada, vitae facilisis quam luctus. Sed lorem felis, pellentesque sit amet vulputate quis, rhoncus nec purus. Maecenas a tellus elit.
===cut===
    print(''hello'');
    print(''world'');
    return 0;

Nam molestie commodo quam eu cursus. In aliquam justo ut dui fermentum gravida. Etiam dignissim quam ante, ut lacinia nisl facilisis eu. Curabitur scelerisque tellus nec odio viverra fringilla. Vivamus justo quam, sagittis eu lacus in, ultrices aliquet quam. Aliquam efficitur mattis lacus, et imperdiet ex pellentesque ut. Mauris ac eros auctor, fringilla leo at, mollis turpis. Nulla eget arcu at augue placerat cursus. Donec quis varius turpis, non ultricies sem.

> Sed in luctus ligula. Pellentesque dapibus feugiat tempus.
> Pellentesque mollis cursus nulla ac aliquam. In tristique laoreet
> arcu, non vehicula ipsum imperdiet id. Nunc ut sollicitudin risus.
> Vivamus feugiat sodales lacus id varius. Curabitur lobortis libero a
> justo feugiat, quis rutrum tellus gravida. Integer dictum risus sed
> sem tincidunt, vel blandit sapien porta. Vestibulum at sapien ut neque
> blandit dapibus sed vel dolor. Vivamus rutrum, velit et faucibus
> sollicitudin, elit turpis porta nunc, a dictum lectus est at ipsum.

Lorem ipsum dolor sit amet, consectetur adipiscing elit. Nullam vehicula ipsum eget lorem bibendum, a dignissim dui vestibulum. Duis aliquet dignissim ultricies. Vestibulum id diam at eros lacinia dapibus. Donec posuere felis ac leo tempor varius. Nullam interdum nibh sit amet lacinia laoreet. Quisque maximus eros non diam molestie vulputate. Phasellus commodo convallis nisi at dapibus. Aliquam erat volutpat. Donec eleifend felis magna, eget laoreet quam feugiat vel. Quisque et nunc pulvinar eros facilisis vulputate vel vitae ipsum. Maecenas viverra quam at nisl malesuada, vitae facilisis quam luctus. Sed lorem felis, pellentesque sit amet vulputate quis, rhoncus nec purus. Maecenas a tellus elit.

Nam molestie commodo quam eu cursus. In aliquam justo ut dui fermentum gravida. Etiam dignissim quam ante, ut lacinia nisl facilisis eu. Curabitur scelerisque tellus nec odio viverra fringilla. Vivamus justo quam, sagittis eu lacus in, ultrices aliquet quam. Aliquam efficitur mattis lacus, et imperdiet ex pellentesque ut. Mauris ac eros auctor, fringilla leo at, mollis turpis. Nulla eget arcu at augue placerat cursus. Donec quis varius turpis, non ultricies sem.

Nullam maximus euismod quam, quis malesuada mauris sollicitudin volutpat. Praesent maximus luctus justo ullamcorper euismod. Donec congue nulla vitae diam porta aliquam. Aenean vulputate fringilla lacus eu suscipit. Donec sed volutpat velit, et congue est. Nam pulvinar faucibus sem, a suscipit erat. Morbi efficitur malesuada lorem, quis convallis ex sodales eget.


  [1]: http://google.com');

INSERT INTO posts_tags(post_id, tag_id) VALUES (67, 1);
INSERT INTO posts_tags(post_id, tag_id) VALUES (67, 2);
INSERT INTO posts_tags(post_id, tag_id) VALUES (67, 3);
INSERT INTO posts_tags(post_id, tag_id) VALUES (67, 4);
INSERT INTO posts_tags(post_id, tag_id) VALUES (67, 5);


INSERT INTO posts(Id, dateTime, hidden, title, shortTextPart, fullPostText) VALUES(68, '2015-03-29 11:51:31', 0, 'Meow', '', 'MEOW!

![cat][1]


  [1]: http://i.imgur.com/yrvkoZJ.jpg');

INSERT INTO posts_tags(post_id, tag_id) VALUES (68, 6);

INSERT INTO posts(Id, dateTime, hidden, title, shortTextPart, fullPostText) VALUES(69, '2015-03-29 22:11:31', 0, 'Meow', '', 'meow.

![enter image description here][1]


  [1]: http://i.imgur.com/WHqLxs1.jpg');

INSERT INTO posts_tags(post_id, tag_id) VALUES (69, 6);
INSERT INTO posts(Id, dateTime, hidden, title, shortTextPart, fullPostText) VALUES(70, '2015-03-30 04:32:31', 0, 'Hello post 70', '**Hello 70**

Lorem **ipsum** *dolor* sit amet, consectetur adipiscing elit. Nullam vehicula ipsum eget lorem bibendum, a dignissim dui vestibulum. Duis aliquet dignissim ultricies. Vestibulum id diam at eros lacinia dapibus. Donec posuere felis ac leo tempor varius. Nullam interdum nibh sit amet lacinia laoreet. Quisque maximus [google][1] eros non diam molestie vulputate. Phasellus commodo convallis nisi at dapibus. Aliquam erat volutpat. Donec eleifend felis magna, eget laoreet quam feugiat vel. Quisque et nunc pulvinar eros facilisis vulputate vel vitae ipsum. Maecenas viverra quam at nisl malesuada, vitae facilisis quam luctus. Sed lorem felis, pellentesque sit amet vulputate quis, rhoncus nec purus. Maecenas a tellus elit.

  [1]: http://google.com',
'**Hello 70**

Lorem **ipsum** *dolor* sit amet, consectetur adipiscing elit. Nullam vehicula ipsum eget lorem bibendum, a dignissim dui vestibulum. Duis aliquet dignissim ultricies. Vestibulum id diam at eros lacinia dapibus. Donec posuere felis ac leo tempor varius. Nullam interdum nibh sit amet lacinia laoreet. Quisque maximus [google][1] eros non diam molestie vulputate. Phasellus commodo convallis nisi at dapibus. Aliquam erat volutpat. Donec eleifend felis magna, eget laoreet quam feugiat vel. Quisque et nunc pulvinar eros facilisis vulputate vel vitae ipsum. Maecenas viverra quam at nisl malesuada, vitae facilisis quam luctus. Sed lorem felis, pellentesque sit amet vulputate quis, rhoncus nec purus. Maecenas a tellus elit.
===cut===
    print(''hello'');
    print(''world'');
    return 0;

Nam molestie commodo quam eu cursus. In aliquam justo ut dui fermentum gravida. Etiam dignissim quam ante, ut lacinia nisl facilisis eu. Curabitur scelerisque tellus nec odio viverra fringilla. Vivamus justo quam, sagittis eu lacus in, ultrices aliquet quam. Aliquam efficitur mattis lacus, et imperdiet ex pellentesque ut. Mauris ac eros auctor, fringilla leo at, mollis turpis. Nulla eget arcu at augue placerat cursus. Donec quis varius turpis, non ultricies sem.

> Sed in luctus ligula. Pellentesque dapibus feugiat tempus.
> Pellentesque mollis cursus nulla ac aliquam. In tristique laoreet
> arcu, non vehicula ipsum imperdiet id. Nunc ut sollicitudin risus.
> Vivamus feugiat sodales lacus id varius. Curabitur lobortis libero a
> justo feugiat, quis rutrum tellus gravida. Integer dictum risus sed
> sem tincidunt, vel blandit sapien porta. Vestibulum at sapien ut neque
> blandit dapibus sed vel dolor. Vivamus rutrum, velit et faucibus
> sollicitudin, elit turpis porta nunc, a dictum lectus est at ipsum.

Lorem ipsum dolor sit amet, consectetur adipiscing elit. Nullam vehicula ipsum eget lorem bibendum, a dignissim dui vestibulum. Duis aliquet dignissim ultricies. Vestibulum id diam at eros lacinia dapibus. Donec posuere felis ac leo tempor varius. Nullam interdum nibh sit amet lacinia laoreet. Quisque maximus eros non diam molestie vulputate. Phasellus commodo convallis nisi at dapibus. Aliquam erat volutpat. Donec eleifend felis magna, eget laoreet quam feugiat vel. Quisque et nunc pulvinar eros facilisis vulputate vel vitae ipsum. Maecenas viverra quam at nisl malesuada, vitae facilisis quam luctus. Sed lorem felis, pellentesque sit amet vulputate quis, rhoncus nec purus. Maecenas a tellus elit.

Nam molestie commodo quam eu cursus. In aliquam justo ut dui fermentum gravida. Etiam dignissim quam ante, ut lacinia nisl facilisis eu. Curabitur scelerisque tellus nec odio viverra fringilla. Vivamus justo quam, sagittis eu lacus in, ultrices aliquet quam. Aliquam efficitur mattis lacus, et imperdiet ex pellentesque ut. Mauris ac eros auctor, fringilla leo at, mollis turpis. Nulla eget arcu at augue placerat cursus. Donec quis varius turpis, non ultricies sem.

Nullam maximus euismod quam, quis malesuada mauris sollicitudin volutpat. Praesent maximus luctus justo ullamcorper euismod. Donec congue nulla vitae diam porta aliquam. Aenean vulputate fringilla lacus eu suscipit. Donec sed volutpat velit, et congue est. Nam pulvinar faucibus sem, a suscipit erat. Morbi efficitur malesuada lorem, quis convallis ex sodales eget.


  [1]: http://google.com');

INSERT INTO posts_tags(post_id, tag_id) VALUES (70, 1);
INSERT INTO posts_tags(post_id, tag_id) VALUES (70, 2);
INSERT INTO posts_tags(post_id, tag_id) VALUES (70, 3);
INSERT INTO posts_tags(post_id, tag_id) VALUES (70, 4);
INSERT INTO posts_tags(post_id, tag_id) VALUES (70, 5);


INSERT INTO posts(Id, dateTime, hidden, title, shortTextPart, fullPostText) VALUES(71, '2015-03-30 05:11:31', 0, 'Meow', '', 'MEOW!

![cat][1]


  [1]: http://i.imgur.com/yrvkoZJ.jpg');

INSERT INTO posts_tags(post_id, tag_id) VALUES (71, 6);

INSERT INTO posts(Id, dateTime, hidden, title, shortTextPart, fullPostText) VALUES(72, '2015-03-30 09:22:31', 0, 'Meow', '', 'meow.

![enter image description here][1]


  [1]: http://i.imgur.com/WHqLxs1.jpg');

INSERT INTO posts_tags(post_id, tag_id) VALUES (72, 6);
INSERT INTO posts(Id, dateTime, hidden, title, shortTextPart, fullPostText) VALUES(73, '2015-03-30 16:34:31', 0, 'Hello post 73', '**Hello 73**

Lorem **ipsum** *dolor* sit amet, consectetur adipiscing elit. Nullam vehicula ipsum eget lorem bibendum, a dignissim dui vestibulum. Duis aliquet dignissim ultricies. Vestibulum id diam at eros lacinia dapibus. Donec posuere felis ac leo tempor varius. Nullam interdum nibh sit amet lacinia laoreet. Quisque maximus [google][1] eros non diam molestie vulputate. Phasellus commodo convallis nisi at dapibus. Aliquam erat volutpat. Donec eleifend felis magna, eget laoreet quam feugiat vel. Quisque et nunc pulvinar eros facilisis vulputate vel vitae ipsum. Maecenas viverra quam at nisl malesuada, vitae facilisis quam luctus. Sed lorem felis, pellentesque sit amet vulputate quis, rhoncus nec purus. Maecenas a tellus elit.

  [1]: http://google.com',
'**Hello 73**

Lorem **ipsum** *dolor* sit amet, consectetur adipiscing elit. Nullam vehicula ipsum eget lorem bibendum, a dignissim dui vestibulum. Duis aliquet dignissim ultricies. Vestibulum id diam at eros lacinia dapibus. Donec posuere felis ac leo tempor varius. Nullam interdum nibh sit amet lacinia laoreet. Quisque maximus [google][1] eros non diam molestie vulputate. Phasellus commodo convallis nisi at dapibus. Aliquam erat volutpat. Donec eleifend felis magna, eget laoreet quam feugiat vel. Quisque et nunc pulvinar eros facilisis vulputate vel vitae ipsum. Maecenas viverra quam at nisl malesuada, vitae facilisis quam luctus. Sed lorem felis, pellentesque sit amet vulputate quis, rhoncus nec purus. Maecenas a tellus elit.
===cut===
    print(''hello'');
    print(''world'');
    return 0;

Nam molestie commodo quam eu cursus. In aliquam justo ut dui fermentum gravida. Etiam dignissim quam ante, ut lacinia nisl facilisis eu. Curabitur scelerisque tellus nec odio viverra fringilla. Vivamus justo quam, sagittis eu lacus in, ultrices aliquet quam. Aliquam efficitur mattis lacus, et imperdiet ex pellentesque ut. Mauris ac eros auctor, fringilla leo at, mollis turpis. Nulla eget arcu at augue placerat cursus. Donec quis varius turpis, non ultricies sem.

> Sed in luctus ligula. Pellentesque dapibus feugiat tempus.
> Pellentesque mollis cursus nulla ac aliquam. In tristique laoreet
> arcu, non vehicula ipsum imperdiet id. Nunc ut sollicitudin risus.
> Vivamus feugiat sodales lacus id varius. Curabitur lobortis libero a
> justo feugiat, quis rutrum tellus gravida. Integer dictum risus sed
> sem tincidunt, vel blandit sapien porta. Vestibulum at sapien ut neque
> blandit dapibus sed vel dolor. Vivamus rutrum, velit et faucibus
> sollicitudin, elit turpis porta nunc, a dictum lectus est at ipsum.

Lorem ipsum dolor sit amet, consectetur adipiscing elit. Nullam vehicula ipsum eget lorem bibendum, a dignissim dui vestibulum. Duis aliquet dignissim ultricies. Vestibulum id diam at eros lacinia dapibus. Donec posuere felis ac leo tempor varius. Nullam interdum nibh sit amet lacinia laoreet. Quisque maximus eros non diam molestie vulputate. Phasellus commodo convallis nisi at dapibus. Aliquam erat volutpat. Donec eleifend felis magna, eget laoreet quam feugiat vel. Quisque et nunc pulvinar eros facilisis vulputate vel vitae ipsum. Maecenas viverra quam at nisl malesuada, vitae facilisis quam luctus. Sed lorem felis, pellentesque sit amet vulputate quis, rhoncus nec purus. Maecenas a tellus elit.

Nam molestie commodo quam eu cursus. In aliquam justo ut dui fermentum gravida. Etiam dignissim quam ante, ut lacinia nisl facilisis eu. Curabitur scelerisque tellus nec odio viverra fringilla. Vivamus justo quam, sagittis eu lacus in, ultrices aliquet quam. Aliquam efficitur mattis lacus, et imperdiet ex pellentesque ut. Mauris ac eros auctor, fringilla leo at, mollis turpis. Nulla eget arcu at augue placerat cursus. Donec quis varius turpis, non ultricies sem.

Nullam maximus euismod quam, quis malesuada mauris sollicitudin volutpat. Praesent maximus luctus justo ullamcorper euismod. Donec congue nulla vitae diam porta aliquam. Aenean vulputate fringilla lacus eu suscipit. Donec sed volutpat velit, et congue est. Nam pulvinar faucibus sem, a suscipit erat. Morbi efficitur malesuada lorem, quis convallis ex sodales eget.


  [1]: http://google.com');

INSERT INTO posts_tags(post_id, tag_id) VALUES (73, 1);
INSERT INTO posts_tags(post_id, tag_id) VALUES (73, 2);
INSERT INTO posts_tags(post_id, tag_id) VALUES (73, 3);
INSERT INTO posts_tags(post_id, tag_id) VALUES (73, 4);
INSERT INTO posts_tags(post_id, tag_id) VALUES (73, 5);


INSERT INTO posts(Id, dateTime, hidden, title, shortTextPart, fullPostText) VALUES(74, '2015-03-31 01:05:31', 0, 'Meow', '', 'MEOW!

![cat][1]


  [1]: http://i.imgur.com/yrvkoZJ.jpg');

INSERT INTO posts_tags(post_id, tag_id) VALUES (74, 6);

INSERT INTO posts(Id, dateTime, hidden, title, shortTextPart, fullPostText) VALUES(75, '2015-03-31 06:28:31', 0, 'Meow', '', 'meow.

![enter image description here][1]


  [1]: http://i.imgur.com/WHqLxs1.jpg');

INSERT INTO posts_tags(post_id, tag_id) VALUES (75, 6);
INSERT INTO posts(Id, dateTime, hidden, title, shortTextPart, fullPostText) VALUES(76, '2015-03-31 15:12:31', 0, 'Hello post 76', '**Hello 76**

Lorem **ipsum** *dolor* sit amet, consectetur adipiscing elit. Nullam vehicula ipsum eget lorem bibendum, a dignissim dui vestibulum. Duis aliquet dignissim ultricies. Vestibulum id diam at eros lacinia dapibus. Donec posuere felis ac leo tempor varius. Nullam interdum nibh sit amet lacinia laoreet. Quisque maximus [google][1] eros non diam molestie vulputate. Phasellus commodo convallis nisi at dapibus. Aliquam erat volutpat. Donec eleifend felis magna, eget laoreet quam feugiat vel. Quisque et nunc pulvinar eros facilisis vulputate vel vitae ipsum. Maecenas viverra quam at nisl malesuada, vitae facilisis quam luctus. Sed lorem felis, pellentesque sit amet vulputate quis, rhoncus nec purus. Maecenas a tellus elit.

  [1]: http://google.com',
'**Hello 76**

Lorem **ipsum** *dolor* sit amet, consectetur adipiscing elit. Nullam vehicula ipsum eget lorem bibendum, a dignissim dui vestibulum. Duis aliquet dignissim ultricies. Vestibulum id diam at eros lacinia dapibus. Donec posuere felis ac leo tempor varius. Nullam interdum nibh sit amet lacinia laoreet. Quisque maximus [google][1] eros non diam molestie vulputate. Phasellus commodo convallis nisi at dapibus. Aliquam erat volutpat. Donec eleifend felis magna, eget laoreet quam feugiat vel. Quisque et nunc pulvinar eros facilisis vulputate vel vitae ipsum. Maecenas viverra quam at nisl malesuada, vitae facilisis quam luctus. Sed lorem felis, pellentesque sit amet vulputate quis, rhoncus nec purus. Maecenas a tellus elit.
===cut===
    print(''hello'');
    print(''world'');
    return 0;

Nam molestie commodo quam eu cursus. In aliquam justo ut dui fermentum gravida. Etiam dignissim quam ante, ut lacinia nisl facilisis eu. Curabitur scelerisque tellus nec odio viverra fringilla. Vivamus justo quam, sagittis eu lacus in, ultrices aliquet quam. Aliquam efficitur mattis lacus, et imperdiet ex pellentesque ut. Mauris ac eros auctor, fringilla leo at, mollis turpis. Nulla eget arcu at augue placerat cursus. Donec quis varius turpis, non ultricies sem.

> Sed in luctus ligula. Pellentesque dapibus feugiat tempus.
> Pellentesque mollis cursus nulla ac aliquam. In tristique laoreet
> arcu, non vehicula ipsum imperdiet id. Nunc ut sollicitudin risus.
> Vivamus feugiat sodales lacus id varius. Curabitur lobortis libero a
> justo feugiat, quis rutrum tellus gravida. Integer dictum risus sed
> sem tincidunt, vel blandit sapien porta. Vestibulum at sapien ut neque
> blandit dapibus sed vel dolor. Vivamus rutrum, velit et faucibus
> sollicitudin, elit turpis porta nunc, a dictum lectus est at ipsum.

Lorem ipsum dolor sit amet, consectetur adipiscing elit. Nullam vehicula ipsum eget lorem bibendum, a dignissim dui vestibulum. Duis aliquet dignissim ultricies. Vestibulum id diam at eros lacinia dapibus. Donec posuere felis ac leo tempor varius. Nullam interdum nibh sit amet lacinia laoreet. Quisque maximus eros non diam molestie vulputate. Phasellus commodo convallis nisi at dapibus. Aliquam erat volutpat. Donec eleifend felis magna, eget laoreet quam feugiat vel. Quisque et nunc pulvinar eros facilisis vulputate vel vitae ipsum. Maecenas viverra quam at nisl malesuada, vitae facilisis quam luctus. Sed lorem felis, pellentesque sit amet vulputate quis, rhoncus nec purus. Maecenas a tellus elit.

Nam molestie commodo quam eu cursus. In aliquam justo ut dui fermentum gravida. Etiam dignissim quam ante, ut lacinia nisl facilisis eu. Curabitur scelerisque tellus nec odio viverra fringilla. Vivamus justo quam, sagittis eu lacus in, ultrices aliquet quam. Aliquam efficitur mattis lacus, et imperdiet ex pellentesque ut. Mauris ac eros auctor, fringilla leo at, mollis turpis. Nulla eget arcu at augue placerat cursus. Donec quis varius turpis, non ultricies sem.

Nullam maximus euismod quam, quis malesuada mauris sollicitudin volutpat. Praesent maximus luctus justo ullamcorper euismod. Donec congue nulla vitae diam porta aliquam. Aenean vulputate fringilla lacus eu suscipit. Donec sed volutpat velit, et congue est. Nam pulvinar faucibus sem, a suscipit erat. Morbi efficitur malesuada lorem, quis convallis ex sodales eget.


  [1]: http://google.com');

INSERT INTO posts_tags(post_id, tag_id) VALUES (76, 1);
INSERT INTO posts_tags(post_id, tag_id) VALUES (76, 2);
INSERT INTO posts_tags(post_id, tag_id) VALUES (76, 3);
INSERT INTO posts_tags(post_id, tag_id) VALUES (76, 4);
INSERT INTO posts_tags(post_id, tag_id) VALUES (76, 5);


INSERT INTO posts(Id, dateTime, hidden, title, shortTextPart, fullPostText) VALUES(77, '2015-03-31 17:22:31', 0, 'Meow', '', 'MEOW!

![cat][1]


  [1]: http://i.imgur.com/yrvkoZJ.jpg');

INSERT INTO posts_tags(post_id, tag_id) VALUES (77, 6);

INSERT INTO posts(Id, dateTime, hidden, title, shortTextPart, fullPostText) VALUES(78, '2015-03-31 21:05:31', 0, 'Meow', '', 'meow.

![enter image description here][1]


  [1]: http://i.imgur.com/WHqLxs1.jpg');

INSERT INTO posts_tags(post_id, tag_id) VALUES (78, 6);
INSERT INTO posts(Id, dateTime, hidden, title, shortTextPart, fullPostText) VALUES(79, '2015-04-01 01:47:31', 0, 'Hello post 79', '**Hello 79**

Lorem **ipsum** *dolor* sit amet, consectetur adipiscing elit. Nullam vehicula ipsum eget lorem bibendum, a dignissim dui vestibulum. Duis aliquet dignissim ultricies. Vestibulum id diam at eros lacinia dapibus. Donec posuere felis ac leo tempor varius. Nullam interdum nibh sit amet lacinia laoreet. Quisque maximus [google][1] eros non diam molestie vulputate. Phasellus commodo convallis nisi at dapibus. Aliquam erat volutpat. Donec eleifend felis magna, eget laoreet quam feugiat vel. Quisque et nunc pulvinar eros facilisis vulputate vel vitae ipsum. Maecenas viverra quam at nisl malesuada, vitae facilisis quam luctus. Sed lorem felis, pellentesque sit amet vulputate quis, rhoncus nec purus. Maecenas a tellus elit.

  [1]: http://google.com',
'**Hello 79**

Lorem **ipsum** *dolor* sit amet, consectetur adipiscing elit. Nullam vehicula ipsum eget lorem bibendum, a dignissim dui vestibulum. Duis aliquet dignissim ultricies. Vestibulum id diam at eros lacinia dapibus. Donec posuere felis ac leo tempor varius. Nullam interdum nibh sit amet lacinia laoreet. Quisque maximus [google][1] eros non diam molestie vulputate. Phasellus commodo convallis nisi at dapibus. Aliquam erat volutpat. Donec eleifend felis magna, eget laoreet quam feugiat vel. Quisque et nunc pulvinar eros facilisis vulputate vel vitae ipsum. Maecenas viverra quam at nisl malesuada, vitae facilisis quam luctus. Sed lorem felis, pellentesque sit amet vulputate quis, rhoncus nec purus. Maecenas a tellus elit.
===cut===
    print(''hello'');
    print(''world'');
    return 0;

Nam molestie commodo quam eu cursus. In aliquam justo ut dui fermentum gravida. Etiam dignissim quam ante, ut lacinia nisl facilisis eu. Curabitur scelerisque tellus nec odio viverra fringilla. Vivamus justo quam, sagittis eu lacus in, ultrices aliquet quam. Aliquam efficitur mattis lacus, et imperdiet ex pellentesque ut. Mauris ac eros auctor, fringilla leo at, mollis turpis. Nulla eget arcu at augue placerat cursus. Donec quis varius turpis, non ultricies sem.

> Sed in luctus ligula. Pellentesque dapibus feugiat tempus.
> Pellentesque mollis cursus nulla ac aliquam. In tristique laoreet
> arcu, non vehicula ipsum imperdiet id. Nunc ut sollicitudin risus.
> Vivamus feugiat sodales lacus id varius. Curabitur lobortis libero a
> justo feugiat, quis rutrum tellus gravida. Integer dictum risus sed
> sem tincidunt, vel blandit sapien porta. Vestibulum at sapien ut neque
> blandit dapibus sed vel dolor. Vivamus rutrum, velit et faucibus
> sollicitudin, elit turpis porta nunc, a dictum lectus est at ipsum.

Lorem ipsum dolor sit amet, consectetur adipiscing elit. Nullam vehicula ipsum eget lorem bibendum, a dignissim dui vestibulum. Duis aliquet dignissim ultricies. Vestibulum id diam at eros lacinia dapibus. Donec posuere felis ac leo tempor varius. Nullam interdum nibh sit amet lacinia laoreet. Quisque maximus eros non diam molestie vulputate. Phasellus commodo convallis nisi at dapibus. Aliquam erat volutpat. Donec eleifend felis magna, eget laoreet quam feugiat vel. Quisque et nunc pulvinar eros facilisis vulputate vel vitae ipsum. Maecenas viverra quam at nisl malesuada, vitae facilisis quam luctus. Sed lorem felis, pellentesque sit amet vulputate quis, rhoncus nec purus. Maecenas a tellus elit.

Nam molestie commodo quam eu cursus. In aliquam justo ut dui fermentum gravida. Etiam dignissim quam ante, ut lacinia nisl facilisis eu. Curabitur scelerisque tellus nec odio viverra fringilla. Vivamus justo quam, sagittis eu lacus in, ultrices aliquet quam. Aliquam efficitur mattis lacus, et imperdiet ex pellentesque ut. Mauris ac eros auctor, fringilla leo at, mollis turpis. Nulla eget arcu at augue placerat cursus. Donec quis varius turpis, non ultricies sem.

Nullam maximus euismod quam, quis malesuada mauris sollicitudin volutpat. Praesent maximus luctus justo ullamcorper euismod. Donec congue nulla vitae diam porta aliquam. Aenean vulputate fringilla lacus eu suscipit. Donec sed volutpat velit, et congue est. Nam pulvinar faucibus sem, a suscipit erat. Morbi efficitur malesuada lorem, quis convallis ex sodales eget.


  [1]: http://google.com');

INSERT INTO posts_tags(post_id, tag_id) VALUES (79, 1);
INSERT INTO posts_tags(post_id, tag_id) VALUES (79, 2);
INSERT INTO posts_tags(post_id, tag_id) VALUES (79, 3);
INSERT INTO posts_tags(post_id, tag_id) VALUES (79, 4);
INSERT INTO posts_tags(post_id, tag_id) VALUES (79, 5);


INSERT INTO posts(Id, dateTime, hidden, title, shortTextPart, fullPostText) VALUES(80, '2015-04-01 08:07:31', 0, 'Meow', '', 'MEOW!

![cat][1]


  [1]: http://i.imgur.com/yrvkoZJ.jpg');

INSERT INTO posts_tags(post_id, tag_id) VALUES (80, 6);

INSERT INTO posts(Id, dateTime, hidden, title, shortTextPart, fullPostText) VALUES(81, '2015-04-01 11:56:31', 0, 'Meow', '', 'meow.

![enter image description here][1]


  [1]: http://i.imgur.com/WHqLxs1.jpg');

INSERT INTO posts_tags(post_id, tag_id) VALUES (81, 6);
INSERT INTO posts(Id, dateTime, hidden, title, shortTextPart, fullPostText) VALUES(82, '2015-04-01 15:08:31', 0, 'Databases', '**Databases**

Lorem **ipsum** *dolor* sit amet, consectetur adipiscing elit. Nullam vehicula ipsum eget lorem bibendum, a dignissim dui vestibulum. Duis aliquet dignissim ultricies. Vestibulum id diam at eros lacinia dapibus. Donec posuere felis ac leo tempor varius. Nullam interdum nibh sit amet lacinia laoreet. Quisque maximus [google][1] eros non diam molestie vulputate. Phasellus commodo convallis nisi at dapibus. Aliquam erat volutpat. Donec eleifend felis magna, eget laoreet quam feugiat vel. Quisque et nunc pulvinar eros facilisis vulputate vel vitae ipsum. Maecenas viverra quam at nisl malesuada, vitae facilisis quam luctus. Sed lorem felis, pellentesque sit amet vulputate quis, rhoncus nec purus. Maecenas a tellus elit.

  [1]: http://google.com',
'**Databases**

Lorem **ipsum** *dolor* sit amet, consectetur adipiscing elit. Nullam vehicula ipsum eget lorem bibendum, a dignissim dui vestibulum. Duis aliquet dignissim ultricies. Vestibulum id diam at eros lacinia dapibus. Donec posuere felis ac leo tempor varius. Nullam interdum nibh sit amet lacinia laoreet. Quisque maximus [google][1] eros non diam molestie vulputate. Phasellus commodo convallis nisi at dapibus. Aliquam erat volutpat. Donec eleifend felis magna, eget laoreet quam feugiat vel. Quisque et nunc pulvinar eros facilisis vulputate vel vitae ipsum. Maecenas viverra quam at nisl malesuada, vitae facilisis quam luctus. Sed lorem felis, pellentesque sit amet vulputate quis, rhoncus nec purus. Maecenas a tellus elit.
===cut===
    print(''hello'');
    print(''world'');
    return 0;

Nam molestie commodo quam eu cursus. In aliquam justo ut dui fermentum gravida. Etiam dignissim quam ante, ut lacinia nisl facilisis eu. Curabitur scelerisque tellus nec odio viverra fringilla. Vivamus justo quam, sagittis eu lacus in, ultrices aliquet quam. Aliquam efficitur mattis lacus, et imperdiet ex pellentesque ut. Mauris ac eros auctor, fringilla leo at, mollis turpis. Nulla eget arcu at augue placerat cursus. Donec quis varius turpis, non ultricies sem.

> Sed in luctus ligula. Pellentesque dapibus feugiat tempus.
> Pellentesque mollis cursus nulla ac aliquam. In tristique laoreet
> arcu, non vehicula ipsum imperdiet id. Nunc ut sollicitudin risus.
> Vivamus feugiat sodales lacus id varius. Curabitur lobortis libero a
> justo feugiat, quis rutrum tellus gravida. Integer dictum risus sed
> sem tincidunt, vel blandit sapien porta. Vestibulum at sapien ut neque
> blandit dapibus sed vel dolor. Vivamus rutrum, velit et faucibus
> sollicitudin, elit turpis porta nunc, a dictum lectus est at ipsum.

Lorem ipsum dolor sit amet, consectetur adipiscing elit. Nullam vehicula ipsum eget lorem bibendum, a dignissim dui vestibulum. Duis aliquet dignissim ultricies. Vestibulum id diam at eros lacinia dapibus. Donec posuere felis ac leo tempor varius. Nullam interdum nibh sit amet lacinia laoreet. Quisque maximus eros non diam molestie vulputate. Phasellus commodo convallis nisi at dapibus. Aliquam erat volutpat. Donec eleifend felis magna, eget laoreet quam feugiat vel. Quisque et nunc pulvinar eros facilisis vulputate vel vitae ipsum. Maecenas viverra quam at nisl malesuada, vitae facilisis quam luctus. Sed lorem felis, pellentesque sit amet vulputate quis, rhoncus nec purus. Maecenas a tellus elit.

Nam molestie commodo quam eu cursus. In aliquam justo ut dui fermentum gravida. Etiam dignissim quam ante, ut lacinia nisl facilisis eu. Curabitur scelerisque tellus nec odio viverra fringilla. Vivamus justo quam, sagittis eu lacus in, ultrices aliquet quam. Aliquam efficitur mattis lacus, et imperdiet ex pellentesque ut. Mauris ac eros auctor, fringilla leo at, mollis turpis. Nulla eget arcu at augue placerat cursus. Donec quis varius turpis, non ultricies sem.

Nullam maximus euismod quam, quis malesuada mauris sollicitudin volutpat. Praesent maximus luctus justo ullamcorper euismod. Donec congue nulla vitae diam porta aliquam. Aenean vulputate fringilla lacus eu suscipit. Donec sed volutpat velit, et congue est. Nam pulvinar faucibus sem, a suscipit erat. Morbi efficitur malesuada lorem, quis convallis ex sodales eget.


  [1]: http://google.com');

INSERT INTO posts_tags(post_id, tag_id) VALUES (82, 2);
INSERT INTO posts_tags(post_id, tag_id) VALUES (82, 4);
INSERT INTO posts_tags(post_id, tag_id) VALUES (82, 5);
INSERT INTO posts_tags(post_id, tag_id) VALUES (82, 7);


INSERT INTO posts(Id, dateTime, hidden, title, shortTextPart, fullPostText) VALUES(83, '2015-04-01 20:54:31', 0, 'Meow', '', 'MEOW!

![cat][1]


  [1]: http://i.imgur.com/yrvkoZJ.jpg');

INSERT INTO posts_tags(post_id, tag_id) VALUES (83, 6);

INSERT INTO posts(Id, dateTime, hidden, title, shortTextPart, fullPostText) VALUES(84, '2015-04-02 03:13:31', 0, 'Meow', '', 'meow.

![enter image description here][1]


  [1]: http://i.imgur.com/WHqLxs1.jpg');

INSERT INTO posts_tags(post_id, tag_id) VALUES (84, 6);
INSERT INTO posts(Id, dateTime, hidden, title, shortTextPart, fullPostText) VALUES(85, '2015-04-02 16:28:31', 0, 'Hello post 85', '**Hello 85**

Lorem **ipsum** *dolor* sit amet, consectetur adipiscing elit. Nullam vehicula ipsum eget lorem bibendum, a dignissim dui vestibulum. Duis aliquet dignissim ultricies. Vestibulum id diam at eros lacinia dapibus. Donec posuere felis ac leo tempor varius. Nullam interdum nibh sit amet lacinia laoreet. Quisque maximus [google][1] eros non diam molestie vulputate. Phasellus commodo convallis nisi at dapibus. Aliquam erat volutpat. Donec eleifend felis magna, eget laoreet quam feugiat vel. Quisque et nunc pulvinar eros facilisis vulputate vel vitae ipsum. Maecenas viverra quam at nisl malesuada, vitae facilisis quam luctus. Sed lorem felis, pellentesque sit amet vulputate quis, rhoncus nec purus. Maecenas a tellus elit.

  [1]: http://google.com',
'**Hello 85**

Lorem **ipsum** *dolor* sit amet, consectetur adipiscing elit. Nullam vehicula ipsum eget lorem bibendum, a dignissim dui vestibulum. Duis aliquet dignissim ultricies. Vestibulum id diam at eros lacinia dapibus. Donec posuere felis ac leo tempor varius. Nullam interdum nibh sit amet lacinia laoreet. Quisque maximus [google][1] eros non diam molestie vulputate. Phasellus commodo convallis nisi at dapibus. Aliquam erat volutpat. Donec eleifend felis magna, eget laoreet quam feugiat vel. Quisque et nunc pulvinar eros facilisis vulputate vel vitae ipsum. Maecenas viverra quam at nisl malesuada, vitae facilisis quam luctus. Sed lorem felis, pellentesque sit amet vulputate quis, rhoncus nec purus. Maecenas a tellus elit.
===cut===
    print(''hello'');
    print(''world'');
    return 0;

Nam molestie commodo quam eu cursus. In aliquam justo ut dui fermentum gravida. Etiam dignissim quam ante, ut lacinia nisl facilisis eu. Curabitur scelerisque tellus nec odio viverra fringilla. Vivamus justo quam, sagittis eu lacus in, ultrices aliquet quam. Aliquam efficitur mattis lacus, et imperdiet ex pellentesque ut. Mauris ac eros auctor, fringilla leo at, mollis turpis. Nulla eget arcu at augue placerat cursus. Donec quis varius turpis, non ultricies sem.

> Sed in luctus ligula. Pellentesque dapibus feugiat tempus.
> Pellentesque mollis cursus nulla ac aliquam. In tristique laoreet
> arcu, non vehicula ipsum imperdiet id. Nunc ut sollicitudin risus.
> Vivamus feugiat sodales lacus id varius. Curabitur lobortis libero a
> justo feugiat, quis rutrum tellus gravida. Integer dictum risus sed
> sem tincidunt, vel blandit sapien porta. Vestibulum at sapien ut neque
> blandit dapibus sed vel dolor. Vivamus rutrum, velit et faucibus
> sollicitudin, elit turpis porta nunc, a dictum lectus est at ipsum.

Lorem ipsum dolor sit amet, consectetur adipiscing elit. Nullam vehicula ipsum eget lorem bibendum, a dignissim dui vestibulum. Duis aliquet dignissim ultricies. Vestibulum id diam at eros lacinia dapibus. Donec posuere felis ac leo tempor varius. Nullam interdum nibh sit amet lacinia laoreet. Quisque maximus eros non diam molestie vulputate. Phasellus commodo convallis nisi at dapibus. Aliquam erat volutpat. Donec eleifend felis magna, eget laoreet quam feugiat vel. Quisque et nunc pulvinar eros facilisis vulputate vel vitae ipsum. Maecenas viverra quam at nisl malesuada, vitae facilisis quam luctus. Sed lorem felis, pellentesque sit amet vulputate quis, rhoncus nec purus. Maecenas a tellus elit.

Nam molestie commodo quam eu cursus. In aliquam justo ut dui fermentum gravida. Etiam dignissim quam ante, ut lacinia nisl facilisis eu. Curabitur scelerisque tellus nec odio viverra fringilla. Vivamus justo quam, sagittis eu lacus in, ultrices aliquet quam. Aliquam efficitur mattis lacus, et imperdiet ex pellentesque ut. Mauris ac eros auctor, fringilla leo at, mollis turpis. Nulla eget arcu at augue placerat cursus. Donec quis varius turpis, non ultricies sem.

Nullam maximus euismod quam, quis malesuada mauris sollicitudin volutpat. Praesent maximus luctus justo ullamcorper euismod. Donec congue nulla vitae diam porta aliquam. Aenean vulputate fringilla lacus eu suscipit. Donec sed volutpat velit, et congue est. Nam pulvinar faucibus sem, a suscipit erat. Morbi efficitur malesuada lorem, quis convallis ex sodales eget.


  [1]: http://google.com');

INSERT INTO posts_tags(post_id, tag_id) VALUES (85, 1);
INSERT INTO posts_tags(post_id, tag_id) VALUES (85, 2);
INSERT INTO posts_tags(post_id, tag_id) VALUES (85, 3);
INSERT INTO posts_tags(post_id, tag_id) VALUES (85, 4);
INSERT INTO posts_tags(post_id, tag_id) VALUES (85, 5);



INSERT INTO comments(id, commentText, dateTime, post_id, user_id, deleted) VALUES(1, 'Great post! Keep it up!', '2015-04-03 14:30:58', 85, 2, 0);
INSERT INTO comments(id, commentText, dateTime, post_id, user_id, deleted, modifiedDateTime) VALUES(2, 'Yeah, I learnt **so much** here.', '2015-04-03 16:35:58', 85, 3, 0, '2015-04-03 19:30:58');
INSERT INTO comments(id, commentText, dateTime, post_id, user_id, deleted, parent_id) VALUES(3, 'Thank you.:)', '2015-04-03 19:00:58', 85, 1, 0, 2);
INSERT INTO comments(id, commentText, dateTime, post_id, user_id, deleted, parent_id) VALUES(4, 'OK!', '2015-04-03 19:10:58', 85, 1, 0, 1);

INSERT INTO comments(id, commentText, dateTime, post_id, user_id, deleted) VALUES(5, 'How about adding a bit more examples?', '2015-04-04 19:00:58', 85, 4, 0);
INSERT INTO comments(id, commentText, dateTime, post_id, user_id, deleted, parent_id) VALUES(6, 'Can you be more specific?', '2015-04-05 15:00:58', 85, 1, 0, 5);
INSERT INTO comments(id, commentText, dateTime, post_id, user_id, deleted, parent_id) VALUES(7, 'I would like to know how to implement this in JavaScript.', '2015-04-05 18:30:58', 85, 4, 0, 6);
INSERT INTO comments(id, commentText, dateTime, post_id, user_id, deleted, parent_id) VALUES(8, 'OK, I''ll think about it.', '2015-04-05 18:40:58', 85, 1, 0, 7);
INSERT INTO comments(id, commentText, dateTime, post_id, user_id, deleted, parent_id) VALUES(9, 'Just use Jake Weary.', '2015-04-05 18:45:58', 85, 5, 0, 7);
INSERT INTO comments(id, commentText, dateTime, post_id, user_id, deleted, parent_id) VALUES(10, 'And PHP please.', '2015-04-08 11:15:58', 85, 6, 0, 6);
INSERT INTO comments(id, commentText, dateTime, post_id, user_id, deleted, parent_id) VALUES(11, 'And cat language!', '2015-04-09 13:30:58', 85, 2, 0, 6);

INSERT INTO comments(id, commentText, dateTime, post_id, user_id, deleted, parent_id) VALUES(12, '**VRASUBATBURUK UG BUTHARUBATGRUIUK!!!**', '2015-05-09 12:30:58', 85, 8, 1, 2);

INSERT INTO comment_ratings(value, user_id, comment_id) VALUES(1, 1, 1);
INSERT INTO comment_ratings(value, user_id, comment_id) VALUES(1, 1, 2);
INSERT INTO comment_ratings(value, user_id, comment_id) VALUES(1, 5, 2);
INSERT INTO comment_ratings(value, user_id, comment_id) VALUES(1, 6, 2);
INSERT INTO comment_ratings(value, user_id, comment_id) VALUES(1, 3, 3);

INSERT INTO comment_ratings(value, user_id, comment_id) VALUES(1, 3, 7);
INSERT INTO comment_ratings(value, user_id, comment_id) VALUES(1, 5, 7);
INSERT INTO comment_ratings(value, user_id, comment_id) VALUES(1, 6, 7);
INSERT INTO comment_ratings(value, user_id, comment_id) VALUES(1, 7, 7);

INSERT INTO comment_ratings(value, user_id, comment_id) VALUES(1, 3, 8);
INSERT INTO comment_ratings(value, user_id, comment_id) VALUES(1, 4, 8);
INSERT INTO comment_ratings(value, user_id, comment_id) VALUES(1, 5, 8);
INSERT INTO comment_ratings(value, user_id, comment_id) VALUES(1, 6, 8);
INSERT INTO comment_ratings(value, user_id, comment_id) VALUES(1, 7, 8);

INSERT INTO comment_ratings(value, user_id, comment_id) VALUES(1, 2, 9);
INSERT INTO comment_ratings(value, user_id, comment_id) VALUES(1, 3, 9);
INSERT INTO comment_ratings(value, user_id, comment_id) VALUES(1, 4, 9);
INSERT INTO comment_ratings(value, user_id, comment_id) VALUES(1, 6, 9);
INSERT INTO comment_ratings(value, user_id, comment_id) VALUES(1, 7, 9);
INSERT INTO comment_ratings(value, user_id, comment_id) VALUES(1, 8, 9);

INSERT INTO comment_ratings(value, user_id, comment_id) VALUES(-1, 5, 10);


INSERT INTO post_ratings(value, user_id, post_id) VALUES(-1, 2, 83);
INSERT INTO post_ratings(value, user_id, post_id) VALUES(-1, 3, 83);
INSERT INTO post_ratings(value, user_id, post_id) VALUES(-1, 4, 83);

INSERT INTO post_ratings(value, user_id, post_id) VALUES(1, 2, 85);
INSERT INTO post_ratings(value, user_id, post_id) VALUES(1, 3, 85);
INSERT INTO post_ratings(value, user_id, post_id) VALUES(1, 8, 85);

INSERT INTO post_ratings(value, user_id, post_id) VALUES(1, 2, 84);
INSERT INTO post_ratings(value, user_id, post_id) VALUES(-1, 3, 84);
INSERT INTO post_ratings(value, user_id, post_id) VALUES(1, 4, 84);
INSERT INTO post_ratings(value, user_id, post_id) VALUES(1, 5, 84);
INSERT INTO post_ratings(value, user_id, post_id) VALUES(1, 6, 84);
INSERT INTO post_ratings(value, user_id, post_id) VALUES(1, 7, 84);
INSERT INTO post_ratings(value, user_id, post_id) VALUES(-1, 8, 84);

INSERT INTO post_ratings(value, user_id, post_id) VALUES(1, 4, 82);
INSERT INTO post_ratings(value, user_id, post_id) VALUES(1, 5, 82);
INSERT INTO post_ratings(value, user_id, post_id) VALUES(1, 6, 82);
INSERT INTO post_ratings(value, user_id, post_id) VALUES(1, 7, 82);
INSERT INTO post_ratings(value, user_id, post_id) VALUES(1, 8, 82);

INSERT INTO post_ratings(value, user_id, post_id) VALUES(1, 2, 80);
INSERT INTO post_ratings(value, user_id, post_id) VALUES(1, 3, 80);
INSERT INTO post_ratings(value, user_id, post_id) VALUES(1, 4, 80);
INSERT INTO post_ratings(value, user_id, post_id) VALUES(1, 7, 80);
INSERT INTO post_ratings(value, user_id, post_id) VALUES(1, 8, 80);

INSERT INTO post_ratings(value, user_id, post_id) VALUES(1, 2, 79);
INSERT INTO post_ratings(value, user_id, post_id) VALUES(1, 3, 79);
INSERT INTO post_ratings(value, user_id, post_id) VALUES(1, 4, 79);
INSERT INTO post_ratings(value, user_id, post_id) VALUES(-1, 5, 79);
INSERT INTO post_ratings(value, user_id, post_id) VALUES(1, 6, 79);
INSERT INTO post_ratings(value, user_id, post_id) VALUES(1, 7, 79);
INSERT INTO post_ratings(value, user_id, post_id) VALUES(1, 8, 79);

INSERT INTO post_ratings(value, user_id, post_id) VALUES(1, 2, 78);
INSERT INTO post_ratings(value, user_id, post_id) VALUES(1, 6, 78);
INSERT INTO post_ratings(value, user_id, post_id) VALUES(1, 7, 78);
INSERT INTO post_ratings(value, user_id, post_id) VALUES(1, 8, 78);

INSERT INTO post_ratings(value, user_id, post_id) VALUES(1, 2, 77);
INSERT INTO post_ratings(value, user_id, post_id) VALUES(1, 3, 77);
INSERT INTO post_ratings(value, user_id, post_id) VALUES(-1, 4, 77);
INSERT INTO post_ratings(value, user_id, post_id) VALUES(1, 5, 77);
INSERT INTO post_ratings(value, user_id, post_id) VALUES(1, 6, 77);
INSERT INTO post_ratings(value, user_id, post_id) VALUES(1, 7, 77);
INSERT INTO post_ratings(value, user_id, post_id) VALUES(1, 8, 77);

INSERT INTO post_ratings(value, user_id, post_id) VALUES(1, 4, 76);
INSERT INTO post_ratings(value, user_id, post_id) VALUES(1, 5, 76);
INSERT INTO post_ratings(value, user_id, post_id) VALUES(1, 6, 76);
INSERT INTO post_ratings(value, user_id, post_id) VALUES(1, 7, 76);
INSERT INTO post_ratings(value, user_id, post_id) VALUES(1, 8, 76);

INSERT INTO post_ratings(value, user_id, post_id) VALUES(1, 5, 75);
INSERT INTO post_ratings(value, user_id, post_id) VALUES(1, 6, 75);
INSERT INTO post_ratings(value, user_id, post_id) VALUES(1, 7, 75);
INSERT INTO post_ratings(value, user_id, post_id) VALUES(1, 8, 75);

INSERT INTO post_ratings(value, user_id, post_id) VALUES(1, 4, 74);
INSERT INTO post_ratings(value, user_id, post_id) VALUES(1, 5, 74);
INSERT INTO post_ratings(value, user_id, post_id) VALUES(1, 6, 74);
INSERT INTO post_ratings(value, user_id, post_id) VALUES(1, 7, 74);
INSERT INTO post_ratings(value, user_id, post_id) VALUES(1, 8, 74);

INSERT INTO post_ratings(value, user_id, post_id) VALUES(-1, 4, 73);
INSERT INTO post_ratings(value, user_id, post_id) VALUES(1, 5, 73);
INSERT INTO post_ratings(value, user_id, post_id) VALUES(1, 6, 73);
INSERT INTO post_ratings(value, user_id, post_id) VALUES(1, 7, 73);
INSERT INTO post_ratings(value, user_id, post_id) VALUES(1, 8, 73);

INSERT INTO post_ratings(value, user_id, post_id) VALUES(1, 2, 42);
INSERT INTO post_ratings(value, user_id, post_id) VALUES(1, 3, 42);
INSERT INTO post_ratings(value, user_id, post_id) VALUES(1, 4, 42);
INSERT INTO post_ratings(value, user_id, post_id) VALUES(1, 5, 42);
INSERT INTO post_ratings(value, user_id, post_id) VALUES(1, 6, 42);
INSERT INTO post_ratings(value, user_id, post_id) VALUES(1, 7, 42);
INSERT INTO post_ratings(value, user_id, post_id) VALUES(1, 8, 42);